REM INSERTING into KVAIDES.ANSWERS
SET DEFINE OFF;
Insert into KVAIDES.ANSWERS (Q_ID,ANS_ID,IS_CORRECT,ANSWER_TEXT) values ('Q750','ans1v1',null,null);
Insert into KVAIDES.ANSWERS (Q_ID,ANS_ID,IS_CORRECT,ANSWER_TEXT) values ('Q2007','Ans1v1','0','100');
Insert into KVAIDES.ANSWERS (Q_ID,ANS_ID,IS_CORRECT,ANSWER_TEXT) values ('Q2007','Ans2v1','0','80');
Insert into KVAIDES.ANSWERS (Q_ID,ANS_ID,IS_CORRECT,ANSWER_TEXT) values ('Q2007','Ans3v1','1','70');
Insert into KVAIDES.ANSWERS (Q_ID,ANS_ID,IS_CORRECT,ANSWER_TEXT) values ('Q2007','Ans1v2','1','30');
Insert into KVAIDES.ANSWERS (Q_ID,ANS_ID,IS_CORRECT,ANSWER_TEXT) values ('Q2007','Ans2v2','0','40');
Insert into KVAIDES.ANSWERS (Q_ID,ANS_ID,IS_CORRECT,ANSWER_TEXT) values ('Q2007','Ans3v2','0','90');
Insert into KVAIDES.ANSWERS (Q_ID,ANS_ID,IS_CORRECT,ANSWER_TEXT) values ('Q2007','Ans4v2','0','75');
Insert into KVAIDES.ANSWERS (Q_ID,ANS_ID,IS_CORRECT,ANSWER_TEXT) values ('Q2007','Ans5v2','0','65');
Insert into KVAIDES.ANSWERS (Q_ID,ANS_ID,IS_CORRECT,ANSWER_TEXT) values ('Q878','Ans1v1','0','100');
Insert into KVAIDES.ANSWERS (Q_ID,ANS_ID,IS_CORRECT,ANSWER_TEXT) values ('Q878','Ans2v1','0','80');
Insert into KVAIDES.ANSWERS (Q_ID,ANS_ID,IS_CORRECT,ANSWER_TEXT) values ('Q878','Ans3v1','1','70');
Insert into KVAIDES.ANSWERS (Q_ID,ANS_ID,IS_CORRECT,ANSWER_TEXT) values ('Q878','Ans1v2','1','30');
Insert into KVAIDES.ANSWERS (Q_ID,ANS_ID,IS_CORRECT,ANSWER_TEXT) values ('Q878','Ans2v2','0','40');
Insert into KVAIDES.ANSWERS (Q_ID,ANS_ID,IS_CORRECT,ANSWER_TEXT) values ('Q878','Ans3v2','0','90');
Insert into KVAIDES.ANSWERS (Q_ID,ANS_ID,IS_CORRECT,ANSWER_TEXT) values ('Q878','Ans4v2','0','75');
Insert into KVAIDES.ANSWERS (Q_ID,ANS_ID,IS_CORRECT,ANSWER_TEXT) values ('Q878','Ans5v2','0','65');
Insert into KVAIDES.ANSWERS (Q_ID,ANS_ID,IS_CORRECT,ANSWER_TEXT) values ('q786','ans1v1','0','5');
Insert into KVAIDES.ANSWERS (Q_ID,ANS_ID,IS_CORRECT,ANSWER_TEXT) values ('q786','ans2v1','0','8');
Insert into KVAIDES.ANSWERS (Q_ID,ANS_ID,IS_CORRECT,ANSWER_TEXT) values ('q786','ans3v1','1','2');
Insert into KVAIDES.ANSWERS (Q_ID,ANS_ID,IS_CORRECT,ANSWER_TEXT) values ('q786','ans1v2','0','3');
Insert into KVAIDES.ANSWERS (Q_ID,ANS_ID,IS_CORRECT,ANSWER_TEXT) values ('q786','ans2v2','0','9');
Insert into KVAIDES.ANSWERS (Q_ID,ANS_ID,IS_CORRECT,ANSWER_TEXT) values ('q786','ans3v2','1','2');
Insert into KVAIDES.ANSWERS (Q_ID,ANS_ID,IS_CORRECT,ANSWER_TEXT) values ('q786','ans4v2','0','8');
Insert into KVAIDES.ANSWERS (Q_ID,ANS_ID,IS_CORRECT,ANSWER_TEXT) values ('Q666','ans1v1','0','3');
Insert into KVAIDES.ANSWERS (Q_ID,ANS_ID,IS_CORRECT,ANSWER_TEXT) values ('Q666','ans2v1','1','6');
Insert into KVAIDES.ANSWERS (Q_ID,ANS_ID,IS_CORRECT,ANSWER_TEXT) values ('Q666','ans3v1','0','4');
Insert into KVAIDES.ANSWERS (Q_ID,ANS_ID,IS_CORRECT,ANSWER_TEXT) values ('Q666','ans1v2','1','20');
Insert into KVAIDES.ANSWERS (Q_ID,ANS_ID,IS_CORRECT,ANSWER_TEXT) values ('Q666','ans2v2','0','44');
Insert into KVAIDES.ANSWERS (Q_ID,ANS_ID,IS_CORRECT,ANSWER_TEXT) values ('Q666','ans3v2','0','10');
Insert into KVAIDES.ANSWERS (Q_ID,ANS_ID,IS_CORRECT,ANSWER_TEXT) values ('Q666','ans4v2','0','5');
Insert into KVAIDES.ANSWERS (Q_ID,ANS_ID,IS_CORRECT,ANSWER_TEXT) values ('Q421','ans3','0','maya');
Insert into KVAIDES.ANSWERS (Q_ID,ANS_ID,IS_CORRECT,ANSWER_TEXT) values ('Q421','ans4','0','mulayam');
Insert into KVAIDES.ANSWERS (Q_ID,ANS_ID,IS_CORRECT,ANSWER_TEXT) values ('Q1001','Ans1','1','Cd');
Insert into KVAIDES.ANSWERS (Q_ID,ANS_ID,IS_CORRECT,ANSWER_TEXT) values ('Q1001','Ans2','0','Dvd');
Insert into KVAIDES.ANSWERS (Q_ID,ANS_ID,IS_CORRECT,ANSWER_TEXT) values ('Q1001','Ans3','0','Floppy');
Insert into KVAIDES.ANSWERS (Q_ID,ANS_ID,IS_CORRECT,ANSWER_TEXT) values ('Q1001','Ans4','0','Pd');
Insert into KVAIDES.ANSWERS (Q_ID,ANS_ID,IS_CORRECT,ANSWER_TEXT) values ('Q1001','03','0','Pd');
Insert into KVAIDES.ANSWERS (Q_ID,ANS_ID,IS_CORRECT,ANSWER_TEXT) values ('Q1005','Ans1','1','Cd');
Insert into KVAIDES.ANSWERS (Q_ID,ANS_ID,IS_CORRECT,ANSWER_TEXT) values ('Q500','ans1v1','1','8');
Insert into KVAIDES.ANSWERS (Q_ID,ANS_ID,IS_CORRECT,ANSWER_TEXT) values ('Q500','ans2v1','0','10');
Insert into KVAIDES.ANSWERS (Q_ID,ANS_ID,IS_CORRECT,ANSWER_TEXT) values ('Q500','ans3v1','0','0');
Insert into KVAIDES.ANSWERS (Q_ID,ANS_ID,IS_CORRECT,ANSWER_TEXT) values ('Q500','ans1v2','1','16');
Insert into KVAIDES.ANSWERS (Q_ID,ANS_ID,IS_CORRECT,ANSWER_TEXT) values ('Q500','ans2v2','0','33');
Insert into KVAIDES.ANSWERS (Q_ID,ANS_ID,IS_CORRECT,ANSWER_TEXT) values ('Q500','ans3v2','0','98');
Insert into KVAIDES.ANSWERS (Q_ID,ANS_ID,IS_CORRECT,ANSWER_TEXT) values ('Q500','ans4v2','0','23');
Insert into KVAIDES.ANSWERS (Q_ID,ANS_ID,IS_CORRECT,ANSWER_TEXT) values ('Q421','ans1','1','kovind');
Insert into KVAIDES.ANSWERS (Q_ID,ANS_ID,IS_CORRECT,ANSWER_TEXT) values ('Q421','ans2','0','modi');
Insert into KVAIDES.ANSWERS (Q_ID,ANS_ID,IS_CORRECT,ANSWER_TEXT) values ('Q1005','Ans2','0','Dvd');
Insert into KVAIDES.ANSWERS (Q_ID,ANS_ID,IS_CORRECT,ANSWER_TEXT) values ('Q1005','Ans3','0','Floppy');
Insert into KVAIDES.ANSWERS (Q_ID,ANS_ID,IS_CORRECT,ANSWER_TEXT) values ('Q1005','Ans4','0','Pd');
Insert into KVAIDES.ANSWERS (Q_ID,ANS_ID,IS_CORRECT,ANSWER_TEXT) values ('Q760','Ans1v1','0','100');
Insert into KVAIDES.ANSWERS (Q_ID,ANS_ID,IS_CORRECT,ANSWER_TEXT) values ('Q760','Ans2v1','0','80');
Insert into KVAIDES.ANSWERS (Q_ID,ANS_ID,IS_CORRECT,ANSWER_TEXT) values ('Q760','Ans3v1','1','70');
Insert into KVAIDES.ANSWERS (Q_ID,ANS_ID,IS_CORRECT,ANSWER_TEXT) values ('Q760','Ans1v2','1','30');
Insert into KVAIDES.ANSWERS (Q_ID,ANS_ID,IS_CORRECT,ANSWER_TEXT) values ('Q760','Ans2v2','0','40');
Insert into KVAIDES.ANSWERS (Q_ID,ANS_ID,IS_CORRECT,ANSWER_TEXT) values ('Q760','Ans3v2','0','90');
Insert into KVAIDES.ANSWERS (Q_ID,ANS_ID,IS_CORRECT,ANSWER_TEXT) values ('Q760','Ans4v2','0','75');
Insert into KVAIDES.ANSWERS (Q_ID,ANS_ID,IS_CORRECT,ANSWER_TEXT) values ('Q760','Ans5v2','0','65');
Insert into KVAIDES.ANSWERS (Q_ID,ANS_ID,IS_CORRECT,ANSWER_TEXT) values ('Q2008','Ans1v1','0','100');
Insert into KVAIDES.ANSWERS (Q_ID,ANS_ID,IS_CORRECT,ANSWER_TEXT) values ('Q2008','Ans2v1','0','80');
Insert into KVAIDES.ANSWERS (Q_ID,ANS_ID,IS_CORRECT,ANSWER_TEXT) values ('Q2008','Ans3v1','1','70');
Insert into KVAIDES.ANSWERS (Q_ID,ANS_ID,IS_CORRECT,ANSWER_TEXT) values ('Q2008','Ans1v2','1','30');
Insert into KVAIDES.ANSWERS (Q_ID,ANS_ID,IS_CORRECT,ANSWER_TEXT) values ('Q2008','Ans2v2','0','40');
Insert into KVAIDES.ANSWERS (Q_ID,ANS_ID,IS_CORRECT,ANSWER_TEXT) values ('Q2008','Ans3v2','0','90');
Insert into KVAIDES.ANSWERS (Q_ID,ANS_ID,IS_CORRECT,ANSWER_TEXT) values ('Q2008','Ans4v2','0','75');
Insert into KVAIDES.ANSWERS (Q_ID,ANS_ID,IS_CORRECT,ANSWER_TEXT) values ('Q2008','Ans5v2','0','65');
Insert into KVAIDES.ANSWERS (Q_ID,ANS_ID,IS_CORRECT,ANSWER_TEXT) values ('Q3001','Ans1v1','0','100');
Insert into KVAIDES.ANSWERS (Q_ID,ANS_ID,IS_CORRECT,ANSWER_TEXT) values ('Q3001','Ans2v1','0','80');
Insert into KVAIDES.ANSWERS (Q_ID,ANS_ID,IS_CORRECT,ANSWER_TEXT) values ('Q3001','Ans3v1','1','70');
Insert into KVAIDES.ANSWERS (Q_ID,ANS_ID,IS_CORRECT,ANSWER_TEXT) values ('Q3001','Ans1v2','1','30');
Insert into KVAIDES.ANSWERS (Q_ID,ANS_ID,IS_CORRECT,ANSWER_TEXT) values ('Q3001','Ans2v2','0','40');
Insert into KVAIDES.ANSWERS (Q_ID,ANS_ID,IS_CORRECT,ANSWER_TEXT) values ('Q3001','Ans3v2','0','90');
Insert into KVAIDES.ANSWERS (Q_ID,ANS_ID,IS_CORRECT,ANSWER_TEXT) values ('Q3001','Ans4v2','0','75');
Insert into KVAIDES.ANSWERS (Q_ID,ANS_ID,IS_CORRECT,ANSWER_TEXT) values ('Q3001','Ans5v2','0','65');
Insert into KVAIDES.ANSWERS (Q_ID,ANS_ID,IS_CORRECT,ANSWER_TEXT) values ('Q901','Ans1','1','1');
Insert into KVAIDES.ANSWERS (Q_ID,ANS_ID,IS_CORRECT,ANSWER_TEXT) values ('Q901','01','1','1');
Insert into KVAIDES.ANSWERS (Q_ID,ANS_ID,IS_CORRECT,ANSWER_TEXT) values ('Q901','Ans2','1','2');
Insert into KVAIDES.ANSWERS (Q_ID,ANS_ID,IS_CORRECT,ANSWER_TEXT) values ('Q1000','Ans1','1','Cd');
Insert into KVAIDES.ANSWERS (Q_ID,ANS_ID,IS_CORRECT,ANSWER_TEXT) values ('Q1000','Ans2','0','Dvd');
Insert into KVAIDES.ANSWERS (Q_ID,ANS_ID,IS_CORRECT,ANSWER_TEXT) values ('Q1000','Ans3','0','Floppy');
Insert into KVAIDES.ANSWERS (Q_ID,ANS_ID,IS_CORRECT,ANSWER_TEXT) values ('Q1000','Ans4','0','Pd');
Insert into KVAIDES.ANSWERS (Q_ID,ANS_ID,IS_CORRECT,ANSWER_TEXT) values ('Q1003','Ans1','1','Cd');
Insert into KVAIDES.ANSWERS (Q_ID,ANS_ID,IS_CORRECT,ANSWER_TEXT) values ('Q1003','Ans2','0','Dvd');
Insert into KVAIDES.ANSWERS (Q_ID,ANS_ID,IS_CORRECT,ANSWER_TEXT) values ('Q1003','Ans3','0','Floppy');
Insert into KVAIDES.ANSWERS (Q_ID,ANS_ID,IS_CORRECT,ANSWER_TEXT) values ('Q1003','Ans4','0','Pd');
Insert into KVAIDES.ANSWERS (Q_ID,ANS_ID,IS_CORRECT,ANSWER_TEXT) values ('Q1003','03','0','Pd');
Insert into KVAIDES.ANSWERS (Q_ID,ANS_ID,IS_CORRECT,ANSWER_TEXT) values ('Q1004','Ans1','1','Cd');
Insert into KVAIDES.ANSWERS (Q_ID,ANS_ID,IS_CORRECT,ANSWER_TEXT) values ('Q1004','Ans2','0','Dvd');
Insert into KVAIDES.ANSWERS (Q_ID,ANS_ID,IS_CORRECT,ANSWER_TEXT) values ('Q1004','Ans3','0','Floppy');
Insert into KVAIDES.ANSWERS (Q_ID,ANS_ID,IS_CORRECT,ANSWER_TEXT) values ('Q1004','Ans4','0','Pd');
Insert into KVAIDES.ANSWERS (Q_ID,ANS_ID,IS_CORRECT,ANSWER_TEXT) values ('Q220','ANS1','1','KARTHIK');
Insert into KVAIDES.ANSWERS (Q_ID,ANS_ID,IS_CORRECT,ANSWER_TEXT) values ('Q220','ANS4','0','WRONG');
Insert into KVAIDES.ANSWERS (Q_ID,ANS_ID,IS_CORRECT,ANSWER_TEXT) values ('Q220','ANS2','0','WRONG');
Insert into KVAIDES.ANSWERS (Q_ID,ANS_ID,IS_CORRECT,ANSWER_TEXT) values ('Q220','ANS3','0','WRONG');
Insert into KVAIDES.ANSWERS (Q_ID,ANS_ID,IS_CORRECT,ANSWER_TEXT) values ('Q221','ANS4','0','WRONG');
Insert into KVAIDES.ANSWERS (Q_ID,ANS_ID,IS_CORRECT,ANSWER_TEXT) values ('Q221','ANS3','0','WRONG');
Insert into KVAIDES.ANSWERS (Q_ID,ANS_ID,IS_CORRECT,ANSWER_TEXT) values ('Q221','ANS2','0','WRONG');
Insert into KVAIDES.ANSWERS (Q_ID,ANS_ID,IS_CORRECT,ANSWER_TEXT) values ('Q221','ANS1','1','23');
Insert into KVAIDES.ANSWERS (Q_ID,ANS_ID,IS_CORRECT,ANSWER_TEXT) values ('Q222','ANS1','1','INDIA');
Insert into KVAIDES.ANSWERS (Q_ID,ANS_ID,IS_CORRECT,ANSWER_TEXT) values ('Q222','ANS2','0','WRONG');
Insert into KVAIDES.ANSWERS (Q_ID,ANS_ID,IS_CORRECT,ANSWER_TEXT) values ('Q222','ANS3','0','WRONG');
Insert into KVAIDES.ANSWERS (Q_ID,ANS_ID,IS_CORRECT,ANSWER_TEXT) values ('Q222','ANS4','0','WRONG');
Insert into KVAIDES.ANSWERS (Q_ID,ANS_ID,IS_CORRECT,ANSWER_TEXT) values ('Q230','ANS1V1','1','B=30');
Insert into KVAIDES.ANSWERS (Q_ID,ANS_ID,IS_CORRECT,ANSWER_TEXT) values ('Q230','ANS2V1','0','WRONG');
Insert into KVAIDES.ANSWERS (Q_ID,ANS_ID,IS_CORRECT,ANSWER_TEXT) values ('Q230','ANS3V1','0','WRONG');
Insert into KVAIDES.ANSWERS (Q_ID,ANS_ID,IS_CORRECT,ANSWER_TEXT) values ('Q230','ANS4V1','0','WRONG');
Insert into KVAIDES.ANSWERS (Q_ID,ANS_ID,IS_CORRECT,ANSWER_TEXT) values ('Q209','ANS1','1','RIGHT');
Insert into KVAIDES.ANSWERS (Q_ID,ANS_ID,IS_CORRECT,ANSWER_TEXT) values ('Q209','ANS2','0','WRONG');
Insert into KVAIDES.ANSWERS (Q_ID,ANS_ID,IS_CORRECT,ANSWER_TEXT) values ('Q209','ANS3','0','WRONG');
Insert into KVAIDES.ANSWERS (Q_ID,ANS_ID,IS_CORRECT,ANSWER_TEXT) values ('Q209','ANS4','0','WRONG');
Insert into KVAIDES.ANSWERS (Q_ID,ANS_ID,IS_CORRECT,ANSWER_TEXT) values ('Q210','ANS4','1','RIGHT');
Insert into KVAIDES.ANSWERS (Q_ID,ANS_ID,IS_CORRECT,ANSWER_TEXT) values ('Q210','ANS3','0','WRONG');
Insert into KVAIDES.ANSWERS (Q_ID,ANS_ID,IS_CORRECT,ANSWER_TEXT) values ('Q210','ANS2','0','WRONG');
Insert into KVAIDES.ANSWERS (Q_ID,ANS_ID,IS_CORRECT,ANSWER_TEXT) values ('Q210','ANS1','0','WRONG');
Insert into KVAIDES.ANSWERS (Q_ID,ANS_ID,IS_CORRECT,ANSWER_TEXT) values ('Q211','ANS2','1','RIGHT');
Insert into KVAIDES.ANSWERS (Q_ID,ANS_ID,IS_CORRECT,ANSWER_TEXT) values ('Q211','ANS1','0','WRONG');
Insert into KVAIDES.ANSWERS (Q_ID,ANS_ID,IS_CORRECT,ANSWER_TEXT) values ('Q211','ANS3','0','WRONG');
Insert into KVAIDES.ANSWERS (Q_ID,ANS_ID,IS_CORRECT,ANSWER_TEXT) values ('Q211','ANS4','0','WRONG');
Insert into KVAIDES.ANSWERS (Q_ID,ANS_ID,IS_CORRECT,ANSWER_TEXT) values ('Q212','ANS3','1','RIGHT');
Insert into KVAIDES.ANSWERS (Q_ID,ANS_ID,IS_CORRECT,ANSWER_TEXT) values ('Q212','ANS1','0','WRONG');
Insert into KVAIDES.ANSWERS (Q_ID,ANS_ID,IS_CORRECT,ANSWER_TEXT) values ('Q212','ANS2','0','WRONG');
Insert into KVAIDES.ANSWERS (Q_ID,ANS_ID,IS_CORRECT,ANSWER_TEXT) values ('Q212','ANS4','0','WRONG');
Insert into KVAIDES.ANSWERS (Q_ID,ANS_ID,IS_CORRECT,ANSWER_TEXT) values ('Q1012','ans1v1','1','30');
Insert into KVAIDES.ANSWERS (Q_ID,ANS_ID,IS_CORRECT,ANSWER_TEXT) values ('Q1012','ans2v1','0','45');
Insert into KVAIDES.ANSWERS (Q_ID,ANS_ID,IS_CORRECT,ANSWER_TEXT) values ('Q1012','ans3v1','0','56');
Insert into KVAIDES.ANSWERS (Q_ID,ANS_ID,IS_CORRECT,ANSWER_TEXT) values ('Q1012','ans4v1','0','78');
Insert into KVAIDES.ANSWERS (Q_ID,ANS_ID,IS_CORRECT,ANSWER_TEXT) values ('Q502','Ans1','1','answer');
Insert into KVAIDES.ANSWERS (Q_ID,ANS_ID,IS_CORRECT,ANSWER_TEXT) values ('Q900','Ans1','1','Cd');
Insert into KVAIDES.ANSWERS (Q_ID,ANS_ID,IS_CORRECT,ANSWER_TEXT) values ('Q900','03','1','Cd');
Insert into KVAIDES.ANSWERS (Q_ID,ANS_ID,IS_CORRECT,ANSWER_TEXT) values ('Q900','Ans2','0','Dvd');
Insert into KVAIDES.ANSWERS (Q_ID,ANS_ID,IS_CORRECT,ANSWER_TEXT) values ('Q1002','Ans1','1','Cd');
Insert into KVAIDES.ANSWERS (Q_ID,ANS_ID,IS_CORRECT,ANSWER_TEXT) values ('Q1002','Ans2','0','Dvd');
Insert into KVAIDES.ANSWERS (Q_ID,ANS_ID,IS_CORRECT,ANSWER_TEXT) values ('Q1002','Ans3','0','Floppy');
Insert into KVAIDES.ANSWERS (Q_ID,ANS_ID,IS_CORRECT,ANSWER_TEXT) values ('Q1002','Ans4','0','Pd');
Insert into KVAIDES.ANSWERS (Q_ID,ANS_ID,IS_CORRECT,ANSWER_TEXT) values ('Q1002','03','0','Pd');
Insert into KVAIDES.ANSWERS (Q_ID,ANS_ID,IS_CORRECT,ANSWER_TEXT) values ('Q2000','Ans1v1','0','100');
Insert into KVAIDES.ANSWERS (Q_ID,ANS_ID,IS_CORRECT,ANSWER_TEXT) values ('Q2000','Ans2v1','0','80');
Insert into KVAIDES.ANSWERS (Q_ID,ANS_ID,IS_CORRECT,ANSWER_TEXT) values ('Q2000','Ans3v1','1','70');
Insert into KVAIDES.ANSWERS (Q_ID,ANS_ID,IS_CORRECT,ANSWER_TEXT) values ('Q2000','Ans1v2','1','30');
Insert into KVAIDES.ANSWERS (Q_ID,ANS_ID,IS_CORRECT,ANSWER_TEXT) values ('Q2000','Ans2v2','0','40');
Insert into KVAIDES.ANSWERS (Q_ID,ANS_ID,IS_CORRECT,ANSWER_TEXT) values ('Q2000','Ans3v2','0','90');
Insert into KVAIDES.ANSWERS (Q_ID,ANS_ID,IS_CORRECT,ANSWER_TEXT) values ('Q2000','Ans4v2','0','75');
Insert into KVAIDES.ANSWERS (Q_ID,ANS_ID,IS_CORRECT,ANSWER_TEXT) values ('Q2000','Ans5v2','0','65');
Insert into KVAIDES.ANSWERS (Q_ID,ANS_ID,IS_CORRECT,ANSWER_TEXT) values ('Q3002','Ans1v1','0','100');
Insert into KVAIDES.ANSWERS (Q_ID,ANS_ID,IS_CORRECT,ANSWER_TEXT) values ('Q3002','Ans2v1','0','80');
Insert into KVAIDES.ANSWERS (Q_ID,ANS_ID,IS_CORRECT,ANSWER_TEXT) values ('Q3002','Ans3v1','1','70');
Insert into KVAIDES.ANSWERS (Q_ID,ANS_ID,IS_CORRECT,ANSWER_TEXT) values ('Q3002','Ans1v2','1','30');
Insert into KVAIDES.ANSWERS (Q_ID,ANS_ID,IS_CORRECT,ANSWER_TEXT) values ('Q3002','Ans2v2','0','40');
Insert into KVAIDES.ANSWERS (Q_ID,ANS_ID,IS_CORRECT,ANSWER_TEXT) values ('Q3002','Ans3v2','0','90');
Insert into KVAIDES.ANSWERS (Q_ID,ANS_ID,IS_CORRECT,ANSWER_TEXT) values ('Q3002','Ans4v2','0','75');
Insert into KVAIDES.ANSWERS (Q_ID,ANS_ID,IS_CORRECT,ANSWER_TEXT) values ('Q3002','Ans5v2','0','65');
Insert into KVAIDES.ANSWERS (Q_ID,ANS_ID,IS_CORRECT,ANSWER_TEXT) values ('Q3004','Ans1v1','0','100');
Insert into KVAIDES.ANSWERS (Q_ID,ANS_ID,IS_CORRECT,ANSWER_TEXT) values ('Q3004','Ans2v1','0','80');
Insert into KVAIDES.ANSWERS (Q_ID,ANS_ID,IS_CORRECT,ANSWER_TEXT) values ('Q3004','Ans3v1','1','70');
Insert into KVAIDES.ANSWERS (Q_ID,ANS_ID,IS_CORRECT,ANSWER_TEXT) values ('Q3004','Ans1v2','1','30');
Insert into KVAIDES.ANSWERS (Q_ID,ANS_ID,IS_CORRECT,ANSWER_TEXT) values ('Q3004','Ans2v2','0','40');
Insert into KVAIDES.ANSWERS (Q_ID,ANS_ID,IS_CORRECT,ANSWER_TEXT) values ('Q3004','Ans3v2','0','90');
Insert into KVAIDES.ANSWERS (Q_ID,ANS_ID,IS_CORRECT,ANSWER_TEXT) values ('Q3004','Ans4v2','0','75');
Insert into KVAIDES.ANSWERS (Q_ID,ANS_ID,IS_CORRECT,ANSWER_TEXT) values ('Q3004','Ans5v2','0','65');
Insert into KVAIDES.ANSWERS (Q_ID,ANS_ID,IS_CORRECT,ANSWER_TEXT) values ('Q200','ANS1','1','its table and schema');
Insert into KVAIDES.ANSWERS (Q_ID,ANS_ID,IS_CORRECT,ANSWER_TEXT) values ('Q200','ANS2','0','adding');
Insert into KVAIDES.ANSWERS (Q_ID,ANS_ID,IS_CORRECT,ANSWER_TEXT) values ('Q200','ANS3','0','nidufhejf');
Insert into KVAIDES.ANSWERS (Q_ID,ANS_ID,IS_CORRECT,ANSWER_TEXT) values ('Q200','ANS4','0','uier');
Insert into KVAIDES.ANSWERS (Q_ID,ANS_ID,IS_CORRECT,ANSWER_TEXT) values ('Q200','ANS5','0','dwfqwf');
Insert into KVAIDES.ANSWERS (Q_ID,ANS_ID,IS_CORRECT,ANSWER_TEXT) values ('Q200','ANS6','0','2355');
Insert into KVAIDES.ANSWERS (Q_ID,ANS_ID,IS_CORRECT,ANSWER_TEXT) values ('Q200','ANS7','0','2357461275');
Insert into KVAIDES.ANSWERS (Q_ID,ANS_ID,IS_CORRECT,ANSWER_TEXT) values ('Q200','ANS8','1','DBMS');
Insert into KVAIDES.ANSWERS (Q_ID,ANS_ID,IS_CORRECT,ANSWER_TEXT) values ('Q206','ANS1V1','1','Y=90');
Insert into KVAIDES.ANSWERS (Q_ID,ANS_ID,IS_CORRECT,ANSWER_TEXT) values ('Q206','ANS2V1','0','Y=80');
Insert into KVAIDES.ANSWERS (Q_ID,ANS_ID,IS_CORRECT,ANSWER_TEXT) values ('Q206','ANS3V1','0','Y=70');
Insert into KVAIDES.ANSWERS (Q_ID,ANS_ID,IS_CORRECT,ANSWER_TEXT) values ('Q206','ANS4V1','0','Y=60');
Insert into KVAIDES.ANSWERS (Q_ID,ANS_ID,IS_CORRECT,ANSWER_TEXT) values ('Q206','ANS5V1','0','Y=30');
Insert into KVAIDES.ANSWERS (Q_ID,ANS_ID,IS_CORRECT,ANSWER_TEXT) values ('Q206','ANS6V1','0','Y=20');
Insert into KVAIDES.ANSWERS (Q_ID,ANS_ID,IS_CORRECT,ANSWER_TEXT) values ('Q206','ANS7V1','0','Y=25');
Insert into KVAIDES.ANSWERS (Q_ID,ANS_ID,IS_CORRECT,ANSWER_TEXT) values ('Q1010','ans2','0','no');
Insert into KVAIDES.ANSWERS (Q_ID,ANS_ID,IS_CORRECT,ANSWER_TEXT) values ('Q202','ANS1','1','R33');
Insert into KVAIDES.ANSWERS (Q_ID,ANS_ID,IS_CORRECT,ANSWER_TEXT) values ('Q202','ANS2','1','RBRRHRT33');
Insert into KVAIDES.ANSWERS (Q_ID,ANS_ID,IS_CORRECT,ANSWER_TEXT) values ('Q202','ANS3','1','RBRRHRBRBT33');
Insert into KVAIDES.ANSWERS (Q_ID,ANS_ID,IS_CORRECT,ANSWER_TEXT) values ('Q202','ANS5','0','WRONG1');
Insert into KVAIDES.ANSWERS (Q_ID,ANS_ID,IS_CORRECT,ANSWER_TEXT) values ('Q202','ANS6','0','WRONG2');
Insert into KVAIDES.ANSWERS (Q_ID,ANS_ID,IS_CORRECT,ANSWER_TEXT) values ('Q202','ANS7','0','WRONG3');
Insert into KVAIDES.ANSWERS (Q_ID,ANS_ID,IS_CORRECT,ANSWER_TEXT) values ('Q202','ANS8','0','WRONG5');
Insert into KVAIDES.ANSWERS (Q_ID,ANS_ID,IS_CORRECT,ANSWER_TEXT) values ('Q207','ANS1V1','0','Y=95');
Insert into KVAIDES.ANSWERS (Q_ID,ANS_ID,IS_CORRECT,ANSWER_TEXT) values ('Q207','ANS2V1','0','Y=85');
Insert into KVAIDES.ANSWERS (Q_ID,ANS_ID,IS_CORRECT,ANSWER_TEXT) values ('Q207','ANS3V1','0','Y=55');
Insert into KVAIDES.ANSWERS (Q_ID,ANS_ID,IS_CORRECT,ANSWER_TEXT) values ('Q207','ANS4V1','0','Y=35');
Insert into KVAIDES.ANSWERS (Q_ID,ANS_ID,IS_CORRECT,ANSWER_TEXT) values ('Q207','ANS5V1','1','Y=90');
Insert into KVAIDES.ANSWERS (Q_ID,ANS_ID,IS_CORRECT,ANSWER_TEXT) values ('Q207','ANS6V1','0','Y=9JJ0');
Insert into KVAIDES.ANSWERS (Q_ID,ANS_ID,IS_CORRECT,ANSWER_TEXT) values ('Q207','ANS7V1','0','Y=9JBJJ0');
Insert into KVAIDES.ANSWERS (Q_ID,ANS_ID,IS_CORRECT,ANSWER_TEXT) values ('Q207','ANS8V1','0','Y=GH0');
Insert into KVAIDES.ANSWERS (Q_ID,ANS_ID,IS_CORRECT,ANSWER_TEXT) values ('Q208','ANS1','1','GEGEG');
Insert into KVAIDES.ANSWERS (Q_ID,ANS_ID,IS_CORRECT,ANSWER_TEXT) values ('Q208','ANS2','0','UYRIUEW');
Insert into KVAIDES.ANSWERS (Q_ID,ANS_ID,IS_CORRECT,ANSWER_TEXT) values ('Q208','ANS3','0','WRONG1');
Insert into KVAIDES.ANSWERS (Q_ID,ANS_ID,IS_CORRECT,ANSWER_TEXT) values ('Q208','ANS4','0','WRONG2');
Insert into KVAIDES.ANSWERS (Q_ID,ANS_ID,IS_CORRECT,ANSWER_TEXT) values ('Q208','ANS5','0','WRONG3');
Insert into KVAIDES.ANSWERS (Q_ID,ANS_ID,IS_CORRECT,ANSWER_TEXT) values ('Q208','ANS6','0','WRONG4');
Insert into KVAIDES.ANSWERS (Q_ID,ANS_ID,IS_CORRECT,ANSWER_TEXT) values ('Q208','ANS7','0','WRONG5');
Insert into KVAIDES.ANSWERS (Q_ID,ANS_ID,IS_CORRECT,ANSWER_TEXT) values ('Q208','ANS8','0','WRONG6');
Insert into KVAIDES.ANSWERS (Q_ID,ANS_ID,IS_CORRECT,ANSWER_TEXT) values ('Q1010','ans1','1','yes');
Insert into KVAIDES.ANSWERS (Q_ID,ANS_ID,IS_CORRECT,ANSWER_TEXT) values ('Q1010','ans3','0','no');
Insert into KVAIDES.ANSWERS (Q_ID,ANS_ID,IS_CORRECT,ANSWER_TEXT) values ('Q420','ans2',null,'Manmohan');
Insert into KVAIDES.ANSWERS (Q_ID,ANS_ID,IS_CORRECT,ANSWER_TEXT) values ('Q420','ans3',null,'Mulayam');
Insert into KVAIDES.ANSWERS (Q_ID,ANS_ID,IS_CORRECT,ANSWER_TEXT) values ('Q420','ans4',null,'mayawati');
Insert into KVAIDES.ANSWERS (Q_ID,ANS_ID,IS_CORRECT,ANSWER_TEXT) values ('Q2009','Ans1v1','0','100');
Insert into KVAIDES.ANSWERS (Q_ID,ANS_ID,IS_CORRECT,ANSWER_TEXT) values ('Q2009','Ans2v1','0','80');
Insert into KVAIDES.ANSWERS (Q_ID,ANS_ID,IS_CORRECT,ANSWER_TEXT) values ('Q2009','Ans3v1','1','70');
Insert into KVAIDES.ANSWERS (Q_ID,ANS_ID,IS_CORRECT,ANSWER_TEXT) values ('Q2009','Ans1v2','1','30');
Insert into KVAIDES.ANSWERS (Q_ID,ANS_ID,IS_CORRECT,ANSWER_TEXT) values ('Q2009','Ans2v2','0','40');
Insert into KVAIDES.ANSWERS (Q_ID,ANS_ID,IS_CORRECT,ANSWER_TEXT) values ('Q2009','Ans3v2','0','90');
Insert into KVAIDES.ANSWERS (Q_ID,ANS_ID,IS_CORRECT,ANSWER_TEXT) values ('Q2009','Ans4v2','0','75');
Insert into KVAIDES.ANSWERS (Q_ID,ANS_ID,IS_CORRECT,ANSWER_TEXT) values ('Q2009','Ans5v2','0','65');
Insert into KVAIDES.ANSWERS (Q_ID,ANS_ID,IS_CORRECT,ANSWER_TEXT) values ('Q1011','ans1','1','yes');
Insert into KVAIDES.ANSWERS (Q_ID,ANS_ID,IS_CORRECT,ANSWER_TEXT) values ('Q1011','ans2','0','no');
Insert into KVAIDES.ANSWERS (Q_ID,ANS_ID,IS_CORRECT,ANSWER_TEXT) values ('Q1011','ans3','0','no');
Insert into KVAIDES.ANSWERS (Q_ID,ANS_ID,IS_CORRECT,ANSWER_TEXT) values ('Q1','ANS1','1','short explanation 1');
Insert into KVAIDES.ANSWERS (Q_ID,ANS_ID,IS_CORRECT,ANSWER_TEXT) values ('Q1','ANS2','1','short explanation 2');
Insert into KVAIDES.ANSWERS (Q_ID,ANS_ID,IS_CORRECT,ANSWER_TEXT) values ('Q1','ANS3','0','short explanation 3');
Insert into KVAIDES.ANSWERS (Q_ID,ANS_ID,IS_CORRECT,ANSWER_TEXT) values ('Q1','ANS4','0','short explanation 4');
Insert into KVAIDES.ANSWERS (Q_ID,ANS_ID,IS_CORRECT,ANSWER_TEXT) values ('Q1','ANS5','0','short explanation 5');
Insert into KVAIDES.ANSWERS (Q_ID,ANS_ID,IS_CORRECT,ANSWER_TEXT) values ('Q1','ANS6','0','short explanation 6');
Insert into KVAIDES.ANSWERS (Q_ID,ANS_ID,IS_CORRECT,ANSWER_TEXT) values ('Q2','ANS1','1','short explanation 1');
Insert into KVAIDES.ANSWERS (Q_ID,ANS_ID,IS_CORRECT,ANSWER_TEXT) values ('Q2','ANS2','1','short explanation 2');
Insert into KVAIDES.ANSWERS (Q_ID,ANS_ID,IS_CORRECT,ANSWER_TEXT) values ('Q2','ANS3','1','short explanation 3');
Insert into KVAIDES.ANSWERS (Q_ID,ANS_ID,IS_CORRECT,ANSWER_TEXT) values ('Q2','ANS4','0','short explanation 4');
Insert into KVAIDES.ANSWERS (Q_ID,ANS_ID,IS_CORRECT,ANSWER_TEXT) values ('Q2','ANS5','0','short explanation 5');
Insert into KVAIDES.ANSWERS (Q_ID,ANS_ID,IS_CORRECT,ANSWER_TEXT) values ('Q2','ANS6','0','short explanation 6');
Insert into KVAIDES.ANSWERS (Q_ID,ANS_ID,IS_CORRECT,ANSWER_TEXT) values ('Q3','ANS1V1','1','short explanation 1');
Insert into KVAIDES.ANSWERS (Q_ID,ANS_ID,IS_CORRECT,ANSWER_TEXT) values ('Q3','ANS2V1','1','short explanation 2');
Insert into KVAIDES.ANSWERS (Q_ID,ANS_ID,IS_CORRECT,ANSWER_TEXT) values ('Q3','ANS3V1','1','short explanation 3');
Insert into KVAIDES.ANSWERS (Q_ID,ANS_ID,IS_CORRECT,ANSWER_TEXT) values ('Q3','ANS4V1','0','short explanation 4');
Insert into KVAIDES.ANSWERS (Q_ID,ANS_ID,IS_CORRECT,ANSWER_TEXT) values ('Q3','ANS5V1','0','short explanation 5');
Insert into KVAIDES.ANSWERS (Q_ID,ANS_ID,IS_CORRECT,ANSWER_TEXT) values ('Q3','ANS6V1','0','short explanation 6');
Insert into KVAIDES.ANSWERS (Q_ID,ANS_ID,IS_CORRECT,ANSWER_TEXT) values ('Q3','ANS7V1','0','short explanation 7');
Insert into KVAIDES.ANSWERS (Q_ID,ANS_ID,IS_CORRECT,ANSWER_TEXT) values ('Q3','ANS8V1','0','short explanation 8');
Insert into KVAIDES.ANSWERS (Q_ID,ANS_ID,IS_CORRECT,ANSWER_TEXT) values ('Q3','ANS1V2','1','short explanation 1');
Insert into KVAIDES.ANSWERS (Q_ID,ANS_ID,IS_CORRECT,ANSWER_TEXT) values ('Q3','ANS2V2','1','short explanation 2');
Insert into KVAIDES.ANSWERS (Q_ID,ANS_ID,IS_CORRECT,ANSWER_TEXT) values ('Q3','ANS3V2','1','short explanation 3');
Insert into KVAIDES.ANSWERS (Q_ID,ANS_ID,IS_CORRECT,ANSWER_TEXT) values ('Q420','ans1',null,'Modi');
REM INSERTING into KVAIDES.COURSES
SET DEFINE OFF;
Insert into KVAIDES.COURSES (COURSE_ID,COURSE_NAME,COURSE_STARTDATE,COURSE_ENDDATE,MAX_NO_STUDENTS) values ('csc123','AI',to_date('03-05-17','DD-MM-RR'),to_date('08-12-17','DD-MM-RR'),200);
Insert into KVAIDES.COURSES (COURSE_ID,COURSE_NAME,COURSE_STARTDATE,COURSE_ENDDATE,MAX_NO_STUDENTS) values ('Csc800','ai',to_date('08-12-19','DD-MM-RR'),to_date('09-08-22','DD-MM-RR'),200);
Insert into KVAIDES.COURSES (COURSE_ID,COURSE_NAME,COURSE_STARTDATE,COURSE_ENDDATE,MAX_NO_STUDENTS) values ('Csc790','AI',to_date('06-06-19','DD-MM-RR'),to_date('08-08-20','DD-MM-RR'),49);
Insert into KVAIDES.COURSES (COURSE_ID,COURSE_NAME,COURSE_STARTDATE,COURSE_ENDDATE,MAX_NO_STUDENTS) values ('Csc900','ai',to_date('06-06-22','DD-MM-RR'),to_date('04-09-22','DD-MM-RR'),10);
Insert into KVAIDES.COURSES (COURSE_ID,COURSE_NAME,COURSE_STARTDATE,COURSE_ENDDATE,MAX_NO_STUDENTS) values ('EEE100','Intro to electrical',to_date('12-12-18','DD-MM-RR'),to_date('12-12-19','DD-MM-RR'),45);
Insert into KVAIDES.COURSES (COURSE_ID,COURSE_NAME,COURSE_STARTDATE,COURSE_ENDDATE,MAX_NO_STUDENTS) values ('CVL999','Cement',to_date('02-02-17','DD-MM-RR'),to_date('02-12-17','DD-MM-RR'),20);
Insert into KVAIDES.COURSES (COURSE_ID,COURSE_NAME,COURSE_STARTDATE,COURSE_ENDDATE,MAX_NO_STUDENTS) values ('CSC220','ALGO',to_date('01-01-17','DD-MM-RR'),to_date('10-10-17','DD-MM-RR'),120);
Insert into KVAIDES.COURSES (COURSE_ID,COURSE_NAME,COURSE_STARTDATE,COURSE_ENDDATE,MAX_NO_STUDENTS) values ('CSC330','ALGO',to_date('02-01-17','DD-MM-RR'),to_date('10-10-17','DD-MM-RR'),120);
Insert into KVAIDES.COURSES (COURSE_ID,COURSE_NAME,COURSE_STARTDATE,COURSE_ENDDATE,MAX_NO_STUDENTS) values ('ECE100','Electronics',to_date('11-09-18','DD-MM-RR'),to_date('09-09-19','DD-MM-RR'),90);
Insert into KVAIDES.COURSES (COURSE_ID,COURSE_NAME,COURSE_STARTDATE,COURSE_ENDDATE,MAX_NO_STUDENTS) values ('CVL510','construction',to_date('01-01-17','DD-MM-RR'),to_date('10-10-17','DD-MM-RR'),50);
Insert into KVAIDES.COURSES (COURSE_ID,COURSE_NAME,COURSE_STARTDATE,COURSE_ENDDATE,MAX_NO_STUDENTS) values ('CSC440','DATABASE SYSTEMS',to_date('27-08-17','DD-MM-RR'),to_date('12-12-17','DD-MM-RR'),5);
Insert into KVAIDES.COURSES (COURSE_ID,COURSE_NAME,COURSE_STARTDATE,COURSE_ENDDATE,MAX_NO_STUDENTS) values ('CSC540','DATABASE SYSTEMS',to_date('25-08-17','DD-MM-RR'),to_date('10-12-17','DD-MM-RR'),5);
Insert into KVAIDES.COURSES (COURSE_ID,COURSE_NAME,COURSE_STARTDATE,COURSE_ENDDATE,MAX_NO_STUDENTS) values ('Csc600','Ai',to_date('21-10-18','DD-MM-RR'),to_date('22-12-19','DD-MM-RR'),50);
Insert into KVAIDES.COURSES (COURSE_ID,COURSE_NAME,COURSE_STARTDATE,COURSE_ENDDATE,MAX_NO_STUDENTS) values ('EME345','Mechanics',to_date('09-09-28','DD-MM-RR'),to_date('09-09-29','DD-MM-RR'),120);
Insert into KVAIDES.COURSES (COURSE_ID,COURSE_NAME,COURSE_STARTDATE,COURSE_ENDDATE,MAX_NO_STUDENTS) values ('CSC110','ALGO',to_date('01-01-17','DD-MM-RR'),to_date('10-10-17','DD-MM-RR'),120);
REM INSERTING into KVAIDES.COURSES_HOMEWORKS
SET DEFINE OFF;
Insert into KVAIDES.COURSES_HOMEWORKS (HW_ID,COURSE_ID) values ('1','CSC440');
Insert into KVAIDES.COURSES_HOMEWORKS (HW_ID,COURSE_ID) values ('1','CSC540');
Insert into KVAIDES.COURSES_HOMEWORKS (HW_ID,COURSE_ID) values ('2','CSC540');
Insert into KVAIDES.COURSES_HOMEWORKS (HW_ID,COURSE_ID) values ('HW0522','CSC540');
Insert into KVAIDES.COURSES_HOMEWORKS (HW_ID,COURSE_ID) values ('HW100','CSC540');
Insert into KVAIDES.COURSES_HOMEWORKS (HW_ID,COURSE_ID) values ('HW26','CSC540');
Insert into KVAIDES.COURSES_HOMEWORKS (HW_ID,COURSE_ID) values ('HW28','CSC540');
REM INSERTING into KVAIDES.COURSES_TOPICS
SET DEFINE OFF;
Insert into KVAIDES.COURSES_TOPICS (TOPIC_ID,COURSE_ID) values ('01','CSC440');
Insert into KVAIDES.COURSES_TOPICS (TOPIC_ID,COURSE_ID) values ('01','CSC540');
Insert into KVAIDES.COURSES_TOPICS (TOPIC_ID,COURSE_ID) values ('02','CSC540');
Insert into KVAIDES.COURSES_TOPICS (TOPIC_ID,COURSE_ID) values ('03','CSC440');
Insert into KVAIDES.COURSES_TOPICS (TOPIC_ID,COURSE_ID) values ('03','CSC540');
Insert into KVAIDES.COURSES_TOPICS (TOPIC_ID,COURSE_ID) values ('04','CSC440');
Insert into KVAIDES.COURSES_TOPICS (TOPIC_ID,COURSE_ID) values ('10','Csc900');
Insert into KVAIDES.COURSES_TOPICS (TOPIC_ID,COURSE_ID) values ('11','Csc900');
Insert into KVAIDES.COURSES_TOPICS (TOPIC_ID,COURSE_ID) values ('12','Csc900');
Insert into KVAIDES.COURSES_TOPICS (TOPIC_ID,COURSE_ID) values ('13','Csc900');
Insert into KVAIDES.COURSES_TOPICS (TOPIC_ID,COURSE_ID) values ('14','Csc900');
Insert into KVAIDES.COURSES_TOPICS (TOPIC_ID,COURSE_ID) values ('15','Csc900');
Insert into KVAIDES.COURSES_TOPICS (TOPIC_ID,COURSE_ID) values ('16','Csc900');
Insert into KVAIDES.COURSES_TOPICS (TOPIC_ID,COURSE_ID) values ('17','CVL510');
Insert into KVAIDES.COURSES_TOPICS (TOPIC_ID,COURSE_ID) values ('18','CVL510');
Insert into KVAIDES.COURSES_TOPICS (TOPIC_ID,COURSE_ID) values ('19','CVL999');
Insert into KVAIDES.COURSES_TOPICS (TOPIC_ID,COURSE_ID) values ('20','CVL999');
Insert into KVAIDES.COURSES_TOPICS (TOPIC_ID,COURSE_ID) values ('21','CVL999');
Insert into KVAIDES.COURSES_TOPICS (TOPIC_ID,COURSE_ID) values ('7','Csc900');
Insert into KVAIDES.COURSES_TOPICS (TOPIC_ID,COURSE_ID) values ('8','Csc900');
Insert into KVAIDES.COURSES_TOPICS (TOPIC_ID,COURSE_ID) values ('9','Csc900');
REM INSERTING into KVAIDES.ENROLLED_IN
SET DEFINE OFF;
Insert into KVAIDES.ENROLLED_IN (USER_ID,COURSE_ID) values ('ajoshi6','CSC540');
Insert into KVAIDES.ENROLLED_IN (USER_ID,COURSE_ID) values ('ajoshi6','CVL510');
Insert into KVAIDES.ENROLLED_IN (USER_ID,COURSE_ID) values ('aneela','CSC540');
Insert into KVAIDES.ENROLLED_IN (USER_ID,COURSE_ID) values ('mfisher','CSC440');
Insert into KVAIDES.ENROLLED_IN (USER_ID,COURSE_ID) values ('tregan','CSC440');
Insert into KVAIDES.ENROLLED_IN (USER_ID,COURSE_ID) values ('tregan','CVL510');
REM INSERTING into KVAIDES.HOMEWORKS
SET DEFINE OFF;
Insert into KVAIDES.HOMEWORKS (HW_ID,HW_NAME,HW_STARTDATETIME,HW_ENDDATETIME,NO_OF_RETRIES,PENALTY_PER_QUESTION,POINTS_PER_QUESTION,NO_OF_QUESTIONS,HW_TYPE,SCORING_POLICY) values ('hw510','testing',to_date('31-10-17','DD-MM-RR'),to_date('01-11-17','DD-MM-RR'),2,10,10,1,'adaptive',null);
Insert into KVAIDES.HOMEWORKS (HW_ID,HW_NAME,HW_STARTDATETIME,HW_ENDDATETIME,NO_OF_RETRIES,PENALTY_PER_QUESTION,POINTS_PER_QUESTION,NO_OF_QUESTIONS,HW_TYPE,SCORING_POLICY) values ('5','testing',to_date('31-10-17','DD-MM-RR'),to_date('01-11-17','DD-MM-RR'),2,10,10,1,'adaptive',null);
Insert into KVAIDES.HOMEWORKS (HW_ID,HW_NAME,HW_STARTDATETIME,HW_ENDDATETIME,NO_OF_RETRIES,PENALTY_PER_QUESTION,POINTS_PER_QUESTION,NO_OF_QUESTIONS,HW_TYPE,SCORING_POLICY) values ('HW100','Computer',to_date('04-11-17','DD-MM-RR'),to_date('30-11-17','DD-MM-RR'),2,2,5,2,'standard',null);
Insert into KVAIDES.HOMEWORKS (HW_ID,HW_NAME,HW_STARTDATETIME,HW_ENDDATETIME,NO_OF_RETRIES,PENALTY_PER_QUESTION,POINTS_PER_QUESTION,NO_OF_QUESTIONS,HW_TYPE,SCORING_POLICY) values ('HW999','adaptive',to_date('30-10-17','DD-MM-RR'),to_date('31-10-17','DD-MM-RR'),1,8,10,1,'adaptive',null);
Insert into KVAIDES.HOMEWORKS (HW_ID,HW_NAME,HW_STARTDATETIME,HW_ENDDATETIME,NO_OF_RETRIES,PENALTY_PER_QUESTION,POINTS_PER_QUESTION,NO_OF_QUESTIONS,HW_TYPE,SCORING_POLICY) values ('20','HOMEWORK 20',to_date('02-11-17','DD-MM-RR'),to_date('04-11-17','DD-MM-RR'),2,1,null,null,'standard',null);
Insert into KVAIDES.HOMEWORKS (HW_ID,HW_NAME,HW_STARTDATETIME,HW_ENDDATETIME,NO_OF_RETRIES,PENALTY_PER_QUESTION,POINTS_PER_QUESTION,NO_OF_QUESTIONS,HW_TYPE,SCORING_POLICY) values ('21','HOMEWORK 21',to_date('05-11-17','DD-MM-RR'),to_date('07-11-17','DD-MM-RR'),3,0,null,null,'standard',null);
Insert into KVAIDES.HOMEWORKS (HW_ID,HW_NAME,HW_STARTDATETIME,HW_ENDDATETIME,NO_OF_RETRIES,PENALTY_PER_QUESTION,POINTS_PER_QUESTION,NO_OF_QUESTIONS,HW_TYPE,SCORING_POLICY) values ('25','HOMEWORK 21',to_date('05-11-17','DD-MM-RR'),to_date('07-11-17','DD-MM-RR'),2,1,3,6,'STANDARD',null);
Insert into KVAIDES.HOMEWORKS (HW_ID,HW_NAME,HW_STARTDATETIME,HW_ENDDATETIME,NO_OF_RETRIES,PENALTY_PER_QUESTION,POINTS_PER_QUESTION,NO_OF_QUESTIONS,HW_TYPE,SCORING_POLICY) values ('26','HOMEWORK 26',to_date('06-11-17','DD-MM-RR'),to_date('08-11-17','DD-MM-RR'),2,0,2,6,'STANDARD',null);
Insert into KVAIDES.HOMEWORKS (HW_ID,HW_NAME,HW_STARTDATETIME,HW_ENDDATETIME,NO_OF_RETRIES,PENALTY_PER_QUESTION,POINTS_PER_QUESTION,NO_OF_QUESTIONS,HW_TYPE,SCORING_POLICY) values ('27','HOMEWORK 26',to_date('08-11-17','DD-MM-RR'),to_date('10-11-17','DD-MM-RR'),2,0,2,6,'STANDARD',null);
Insert into KVAIDES.HOMEWORKS (HW_ID,HW_NAME,HW_STARTDATETIME,HW_ENDDATETIME,NO_OF_RETRIES,PENALTY_PER_QUESTION,POINTS_PER_QUESTION,NO_OF_QUESTIONS,HW_TYPE,SCORING_POLICY) values ('28','HOMEWORK 28',to_date('08-11-17','DD-MM-RR'),to_date('10-11-17','DD-MM-RR'),2,0,2,6,'STANDARD',null);
Insert into KVAIDES.HOMEWORKS (HW_ID,HW_NAME,HW_STARTDATETIME,HW_ENDDATETIME,NO_OF_RETRIES,PENALTY_PER_QUESTION,POINTS_PER_QUESTION,NO_OF_QUESTIONS,HW_TYPE,SCORING_POLICY) values ('HW28','HOMEWORK 28',to_date('08-11-17','DD-MM-RR'),to_date('10-11-17','DD-MM-RR'),100,1,3,6,'adaptive',null);
Insert into KVAIDES.HOMEWORKS (HW_ID,HW_NAME,HW_STARTDATETIME,HW_ENDDATETIME,NO_OF_RETRIES,PENALTY_PER_QUESTION,POINTS_PER_QUESTION,NO_OF_QUESTIONS,HW_TYPE,SCORING_POLICY) values ('HW26','HOMEWORK 26',to_date('05-11-17','DD-MM-RR'),to_date('11-11-17','DD-MM-RR'),3,10,1,6,'standard',null);
Insert into KVAIDES.HOMEWORKS (HW_ID,HW_NAME,HW_STARTDATETIME,HW_ENDDATETIME,NO_OF_RETRIES,PENALTY_PER_QUESTION,POINTS_PER_QUESTION,NO_OF_QUESTIONS,HW_TYPE,SCORING_POLICY) values ('3','HOMEWORK 3',to_date('12-10-17','DD-MM-RR'),to_date('30-10-17','DD-MM-RR'),10000,0,4,null,'S',null);
Insert into KVAIDES.HOMEWORKS (HW_ID,HW_NAME,HW_STARTDATETIME,HW_ENDDATETIME,NO_OF_RETRIES,PENALTY_PER_QUESTION,POINTS_PER_QUESTION,NO_OF_QUESTIONS,HW_TYPE,SCORING_POLICY) values ('1','HOMEWORK 1',to_date('04-11-17','DD-MM-RR'),to_date('06-11-17','DD-MM-RR'),2,1,3,null,'S',null);
Insert into KVAIDES.HOMEWORKS (HW_ID,HW_NAME,HW_STARTDATETIME,HW_ENDDATETIME,NO_OF_RETRIES,PENALTY_PER_QUESTION,POINTS_PER_QUESTION,NO_OF_QUESTIONS,HW_TYPE,SCORING_POLICY) values ('2','HOMEWORK 2',to_date('21-09-17','DD-MM-RR'),to_date('10-10-17','DD-MM-RR'),1,1,4,null,'S',null);
Insert into KVAIDES.HOMEWORKS (HW_ID,HW_NAME,HW_STARTDATETIME,HW_ENDDATETIME,NO_OF_RETRIES,PENALTY_PER_QUESTION,POINTS_PER_QUESTION,NO_OF_QUESTIONS,HW_TYPE,SCORING_POLICY) values ('hw150','sample',to_date('28-10-17','DD-MM-RR'),to_date('31-10-17','DD-MM-RR'),2,2,10,2,'S',null);
Insert into KVAIDES.HOMEWORKS (HW_ID,HW_NAME,HW_STARTDATETIME,HW_ENDDATETIME,NO_OF_RETRIES,PENALTY_PER_QUESTION,POINTS_PER_QUESTION,NO_OF_QUESTIONS,HW_TYPE,SCORING_POLICY) values ('HW0522','all',to_date('03-11-17','DD-MM-RR'),to_date('30-11-17','DD-MM-RR'),10,2,10,3,'standard',null);
REM INSERTING into KVAIDES.HW_QSET_QBANK
SET DEFINE OFF;
Insert into KVAIDES.HW_QSET_QBANK (HW_ID,QSET_ID,Q_ID) values ('1',1,'Q1');
Insert into KVAIDES.HW_QSET_QBANK (HW_ID,QSET_ID,Q_ID) values ('1',1,'Q2');
Insert into KVAIDES.HW_QSET_QBANK (HW_ID,QSET_ID,Q_ID) values ('1',1,'Q3');
Insert into KVAIDES.HW_QSET_QBANK (HW_ID,QSET_ID,Q_ID) values ('1',2,'Q1');
Insert into KVAIDES.HW_QSET_QBANK (HW_ID,QSET_ID,Q_ID) values ('1',2,'Q2');
Insert into KVAIDES.HW_QSET_QBANK (HW_ID,QSET_ID,Q_ID) values ('1',2,'Q3');
Insert into KVAIDES.HW_QSET_QBANK (HW_ID,QSET_ID,Q_ID) values ('2',1,'Q1');
Insert into KVAIDES.HW_QSET_QBANK (HW_ID,QSET_ID,Q_ID) values ('2',1,'Q2');
Insert into KVAIDES.HW_QSET_QBANK (HW_ID,QSET_ID,Q_ID) values ('2',1,'Q3');
Insert into KVAIDES.HW_QSET_QBANK (HW_ID,QSET_ID,Q_ID) values ('3',1,'Q1');
Insert into KVAIDES.HW_QSET_QBANK (HW_ID,QSET_ID,Q_ID) values ('3',1,'Q2');
Insert into KVAIDES.HW_QSET_QBANK (HW_ID,QSET_ID,Q_ID) values ('3',1,'Q3');
Insert into KVAIDES.HW_QSET_QBANK (HW_ID,QSET_ID,Q_ID) values ('HW0522',1,'Q1010');
Insert into KVAIDES.HW_QSET_QBANK (HW_ID,QSET_ID,Q_ID) values ('HW0522',1,'Q1011');
Insert into KVAIDES.HW_QSET_QBANK (HW_ID,QSET_ID,Q_ID) values ('HW0522',1,'Q1012');
Insert into KVAIDES.HW_QSET_QBANK (HW_ID,QSET_ID,Q_ID) values ('HW100',1,'Q3001');
Insert into KVAIDES.HW_QSET_QBANK (HW_ID,QSET_ID,Q_ID) values ('HW100',1,'Q750');
Insert into KVAIDES.HW_QSET_QBANK (HW_ID,QSET_ID,Q_ID) values ('HW26',1,'Q200');
Insert into KVAIDES.HW_QSET_QBANK (HW_ID,QSET_ID,Q_ID) values ('HW26',1,'Q202');
Insert into KVAIDES.HW_QSET_QBANK (HW_ID,QSET_ID,Q_ID) values ('HW26',1,'Q203');
Insert into KVAIDES.HW_QSET_QBANK (HW_ID,QSET_ID,Q_ID) values ('HW26',1,'Q204');
Insert into KVAIDES.HW_QSET_QBANK (HW_ID,QSET_ID,Q_ID) values ('HW26',1,'Q205');
Insert into KVAIDES.HW_QSET_QBANK (HW_ID,QSET_ID,Q_ID) values ('HW26',1,'Q206');
Insert into KVAIDES.HW_QSET_QBANK (HW_ID,QSET_ID,Q_ID) values ('HW26',2,'Q200');
Insert into KVAIDES.HW_QSET_QBANK (HW_ID,QSET_ID,Q_ID) values ('HW26',2,'Q202');
Insert into KVAIDES.HW_QSET_QBANK (HW_ID,QSET_ID,Q_ID) values ('HW26',2,'Q203');
Insert into KVAIDES.HW_QSET_QBANK (HW_ID,QSET_ID,Q_ID) values ('HW26',2,'Q204');
Insert into KVAIDES.HW_QSET_QBANK (HW_ID,QSET_ID,Q_ID) values ('HW26',2,'Q205');
Insert into KVAIDES.HW_QSET_QBANK (HW_ID,QSET_ID,Q_ID) values ('HW26',2,'Q206');
Insert into KVAIDES.HW_QSET_QBANK (HW_ID,QSET_ID,Q_ID) values ('HW28',1,'Q207');
Insert into KVAIDES.HW_QSET_QBANK (HW_ID,QSET_ID,Q_ID) values ('HW28',1,'Q208');
Insert into KVAIDES.HW_QSET_QBANK (HW_ID,QSET_ID,Q_ID) values ('HW28',1,'Q209');
Insert into KVAIDES.HW_QSET_QBANK (HW_ID,QSET_ID,Q_ID) values ('HW28',1,'Q210');
Insert into KVAIDES.HW_QSET_QBANK (HW_ID,QSET_ID,Q_ID) values ('HW28',1,'Q211');
Insert into KVAIDES.HW_QSET_QBANK (HW_ID,QSET_ID,Q_ID) values ('HW28',1,'Q212');
Insert into KVAIDES.HW_QSET_QBANK (HW_ID,QSET_ID,Q_ID) values ('HW28',1,'Q220');
Insert into KVAIDES.HW_QSET_QBANK (HW_ID,QSET_ID,Q_ID) values ('HW28',1,'Q221');
Insert into KVAIDES.HW_QSET_QBANK (HW_ID,QSET_ID,Q_ID) values ('HW28',1,'Q222');
Insert into KVAIDES.HW_QSET_QBANK (HW_ID,QSET_ID,Q_ID) values ('HW28',1,'Q230');
Insert into KVAIDES.HW_QSET_QBANK (HW_ID,QSET_ID,Q_ID) values ('HW28',2,'Q207');
Insert into KVAIDES.HW_QSET_QBANK (HW_ID,QSET_ID,Q_ID) values ('HW28',2,'Q208');
Insert into KVAIDES.HW_QSET_QBANK (HW_ID,QSET_ID,Q_ID) values ('HW28',2,'Q209');
Insert into KVAIDES.HW_QSET_QBANK (HW_ID,QSET_ID,Q_ID) values ('HW28',2,'Q210');
Insert into KVAIDES.HW_QSET_QBANK (HW_ID,QSET_ID,Q_ID) values ('HW28',2,'Q211');
Insert into KVAIDES.HW_QSET_QBANK (HW_ID,QSET_ID,Q_ID) values ('HW28',2,'Q212');
Insert into KVAIDES.HW_QSET_QBANK (HW_ID,QSET_ID,Q_ID) values ('HW28',2,'Q220');
Insert into KVAIDES.HW_QSET_QBANK (HW_ID,QSET_ID,Q_ID) values ('HW28',2,'Q221');
Insert into KVAIDES.HW_QSET_QBANK (HW_ID,QSET_ID,Q_ID) values ('HW28',2,'Q222');
Insert into KVAIDES.HW_QSET_QBANK (HW_ID,QSET_ID,Q_ID) values ('HW28',2,'Q230');
Insert into KVAIDES.HW_QSET_QBANK (HW_ID,QSET_ID,Q_ID) values ('HW999',1,'Q3001');
Insert into KVAIDES.HW_QSET_QBANK (HW_ID,QSET_ID,Q_ID) values ('hw150',1,'Q2008');
Insert into KVAIDES.HW_QSET_QBANK (HW_ID,QSET_ID,Q_ID) values ('hw150',1,'Q2009');
Insert into KVAIDES.HW_QSET_QBANK (HW_ID,QSET_ID,Q_ID) values ('hw150',2,'Q2009');
Insert into KVAIDES.HW_QSET_QBANK (HW_ID,QSET_ID,Q_ID) values ('hw150',2,'Q3001');
Insert into KVAIDES.HW_QSET_QBANK (HW_ID,QSET_ID,Q_ID) values ('hw150',2,'Q3004');
Insert into KVAIDES.HW_QSET_QBANK (HW_ID,QSET_ID,Q_ID) values ('hw510',1,'Q3001');
REM INSERTING into KVAIDES.PARAM_QUESTIONS
SET DEFINE OFF;
Insert into KVAIDES.PARAM_QUESTIONS (Q_ID,Q_TEXT) values ('Q2007','TestParameter x +y');
Insert into KVAIDES.PARAM_QUESTIONS (Q_ID,Q_TEXT) values ('Q878','TestParameter x +y');
Insert into KVAIDES.PARAM_QUESTIONS (Q_ID,Q_TEXT) values ('q786','What is x/y');
Insert into KVAIDES.PARAM_QUESTIONS (Q_ID,Q_TEXT) values ('Q666','what is x*y');
Insert into KVAIDES.PARAM_QUESTIONS (Q_ID,Q_TEXT) values ('Q2008','TestParameter x +y');
Insert into KVAIDES.PARAM_QUESTIONS (Q_ID,Q_TEXT) values ('Q3001','TestParameter x +y');
Insert into KVAIDES.PARAM_QUESTIONS (Q_ID,Q_TEXT) values ('Q750','what is sinx +tany');
Insert into KVAIDES.PARAM_QUESTIONS (Q_ID,Q_TEXT) values ('Q230','A+B=40');
Insert into KVAIDES.PARAM_QUESTIONS (Q_ID,Q_TEXT) values ('Q1012','final param 1:what is x+y');
Insert into KVAIDES.PARAM_QUESTIONS (Q_ID,Q_TEXT) values ('Q3002','TestParameter x +y');
Insert into KVAIDES.PARAM_QUESTIONS (Q_ID,Q_TEXT) values ('Q3004','TestParameter x +y');
Insert into KVAIDES.PARAM_QUESTIONS (Q_ID,Q_TEXT) values ('Q207','X+Y=100');
Insert into KVAIDES.PARAM_QUESTIONS (Q_ID,Q_TEXT) values ('Q206','X+Y=100');
Insert into KVAIDES.PARAM_QUESTIONS (Q_ID,Q_TEXT) values ('Q3','Consider a disk with a <P1>, <P2>, <P3>, <P4>, <P5>');
Insert into KVAIDES.PARAM_QUESTIONS (Q_ID,Q_TEXT) values ('Q2','Consider a disk with a <P1>, <P2>, <P3>, <P4>');
Insert into KVAIDES.PARAM_QUESTIONS (Q_ID,Q_TEXT) values ('Q2009','TestParameter x +y');
REM INSERTING into KVAIDES.PROFESSORS
SET DEFINE OFF;
Insert into KVAIDES.PROFESSORS (USER_ID,DESIGNATION,TEACHING_SINCE) values ('kogan','PROF1','21-02-1992');
Insert into KVAIDES.PROFESSORS (USER_ID,DESIGNATION,TEACHING_SINCE) values ('rchirkova','PROF2','21-03-1993');
Insert into KVAIDES.PROFESSORS (USER_ID,DESIGNATION,TEACHING_SINCE) values ('chealey','PROF3','23-06-1996');
REM INSERTING into KVAIDES.QBANK
SET DEFINE OFF;
Insert into KVAIDES.QBANK (Q_ID,DETAILED_ANSWER,DIFFICULTY_LEVEL,HINT) values ('Q878','Sum',1,'Sum');
Insert into KVAIDES.QBANK (Q_ID,DETAILED_ANSWER,DIFFICULTY_LEVEL,HINT) values ('q786','division',2,'division');
Insert into KVAIDES.QBANK (Q_ID,DETAILED_ANSWER,DIFFICULTY_LEVEL,HINT) values ('Q666','multiply',5,'multiply');
Insert into KVAIDES.QBANK (Q_ID,DETAILED_ANSWER,DIFFICULTY_LEVEL,HINT) values ('Q750','Sum',1,'Sum');
Insert into KVAIDES.QBANK (Q_ID,DETAILED_ANSWER,DIFFICULTY_LEVEL,HINT) values ('Q2007','Sum',1,'Sum');
Insert into KVAIDES.QBANK (Q_ID,DETAILED_ANSWER,DIFFICULTY_LEVEL,HINT) values ('Q421','GK',1,'GK');
Insert into KVAIDES.QBANK (Q_ID,DETAILED_ANSWER,DIFFICULTY_LEVEL,HINT) values ('Q10','hhf',2,'hhf');
Insert into KVAIDES.QBANK (Q_ID,DETAILED_ANSWER,DIFFICULTY_LEVEL,HINT) values ('Q500',null,null,null);
Insert into KVAIDES.QBANK (Q_ID,DETAILED_ANSWER,DIFFICULTY_LEVEL,HINT) values ('Q1001','related to disks',2,'related to disks');
Insert into KVAIDES.QBANK (Q_ID,DETAILED_ANSWER,DIFFICULTY_LEVEL,HINT) values ('Q1005','related to disks',2,'related to disks');
Insert into KVAIDES.QBANK (Q_ID,DETAILED_ANSWER,DIFFICULTY_LEVEL,HINT) values ('Q760','Sum',1,'Sum');
Insert into KVAIDES.QBANK (Q_ID,DETAILED_ANSWER,DIFFICULTY_LEVEL,HINT) values ('Q2008','Sum',1,'Sum');
Insert into KVAIDES.QBANK (Q_ID,DETAILED_ANSWER,DIFFICULTY_LEVEL,HINT) values ('Q3001','Sum',1,'Sum');
Insert into KVAIDES.QBANK (Q_ID,DETAILED_ANSWER,DIFFICULTY_LEVEL,HINT) values ('Q4','detailed Explanation Q4',3,'Hint text Q4');
Insert into KVAIDES.QBANK (Q_ID,DETAILED_ANSWER,DIFFICULTY_LEVEL,HINT) values ('Q5','detailed Explanation Q5',3,'Hint text Q5');
Insert into KVAIDES.QBANK (Q_ID,DETAILED_ANSWER,DIFFICULTY_LEVEL,HINT) values ('Q6','detailed Explanation Q6',1,'Hint text Q6');
Insert into KVAIDES.QBANK (Q_ID,DETAILED_ANSWER,DIFFICULTY_LEVEL,HINT) values ('Q901','Ahi',1,'Ahi');
Insert into KVAIDES.QBANK (Q_ID,DETAILED_ANSWER,DIFFICULTY_LEVEL,HINT) values ('Q1000','related to disks',2,'related to disks');
Insert into KVAIDES.QBANK (Q_ID,DETAILED_ANSWER,DIFFICULTY_LEVEL,HINT) values ('Q1003','related to disks',2,'related to disks');
Insert into KVAIDES.QBANK (Q_ID,DETAILED_ANSWER,DIFFICULTY_LEVEL,HINT) values ('Q1004','related to disks',2,'related to disks');
Insert into KVAIDES.QBANK (Q_ID,DETAILED_ANSWER,DIFFICULTY_LEVEL,HINT) values ('Q220','DIFF-1',1,'FIUEWFH');
Insert into KVAIDES.QBANK (Q_ID,DETAILED_ANSWER,DIFFICULTY_LEVEL,HINT) values ('Q221','DIFF-1',1,'FIUEWFH');
Insert into KVAIDES.QBANK (Q_ID,DETAILED_ANSWER,DIFFICULTY_LEVEL,HINT) values ('Q222','DIFF-1',2,'FIUEWFH');
Insert into KVAIDES.QBANK (Q_ID,DETAILED_ANSWER,DIFFICULTY_LEVEL,HINT) values ('Q230','DIFF-3',3,'NO HINT');
Insert into KVAIDES.QBANK (Q_ID,DETAILED_ANSWER,DIFFICULTY_LEVEL,HINT) values ('Q1012','sum',2,'sum');
Insert into KVAIDES.QBANK (Q_ID,DETAILED_ANSWER,DIFFICULTY_LEVEL,HINT) values ('Q502',null,1,null);
Insert into KVAIDES.QBANK (Q_ID,DETAILED_ANSWER,DIFFICULTY_LEVEL,HINT) values ('Q900','related to disks',2,'related to disks');
Insert into KVAIDES.QBANK (Q_ID,DETAILED_ANSWER,DIFFICULTY_LEVEL,HINT) values ('Q1002','related to disks',2,'related to disks');
Insert into KVAIDES.QBANK (Q_ID,DETAILED_ANSWER,DIFFICULTY_LEVEL,HINT) values ('Q2000','Sum',1,'Sum');
Insert into KVAIDES.QBANK (Q_ID,DETAILED_ANSWER,DIFFICULTY_LEVEL,HINT) values ('Q3002','Sum',1,'Sum');
Insert into KVAIDES.QBANK (Q_ID,DETAILED_ANSWER,DIFFICULTY_LEVEL,HINT) values ('Q3004','Sum',1,'Sum');
Insert into KVAIDES.QBANK (Q_ID,DETAILED_ANSWER,DIFFICULTY_LEVEL,HINT) values ('Q200','diff level-1',1,'Hint text Q200');
Insert into KVAIDES.QBANK (Q_ID,DETAILED_ANSWER,DIFFICULTY_LEVEL,HINT) values ('Q201','diff level-1',2,'Hint text Q201');
Insert into KVAIDES.QBANK (Q_ID,DETAILED_ANSWER,DIFFICULTY_LEVEL,HINT) values ('Q202','diff level-2',2,'Hint text Q202');
Insert into KVAIDES.QBANK (Q_ID,DETAILED_ANSWER,DIFFICULTY_LEVEL,HINT) values ('Q203','diff level-3',3,'Hint text Q203');
Insert into KVAIDES.QBANK (Q_ID,DETAILED_ANSWER,DIFFICULTY_LEVEL,HINT) values ('Q204','diff level-3',3,'Hint text Q204');
Insert into KVAIDES.QBANK (Q_ID,DETAILED_ANSWER,DIFFICULTY_LEVEL,HINT) values ('Q205','diff level-4',4,'Hint text Q205');
Insert into KVAIDES.QBANK (Q_ID,DETAILED_ANSWER,DIFFICULTY_LEVEL,HINT) values ('Q206','diff level-5',5,'Hint text Q206');
Insert into KVAIDES.QBANK (Q_ID,DETAILED_ANSWER,DIFFICULTY_LEVEL,HINT) values ('Q207','diff level-1',1,'Hint text Q207');
Insert into KVAIDES.QBANK (Q_ID,DETAILED_ANSWER,DIFFICULTY_LEVEL,HINT) values ('Q208','diff level-2',2,'Hint text Q208');
Insert into KVAIDES.QBANK (Q_ID,DETAILED_ANSWER,DIFFICULTY_LEVEL,HINT) values ('Q209','diff level-3',3,'Hint text Q209');
Insert into KVAIDES.QBANK (Q_ID,DETAILED_ANSWER,DIFFICULTY_LEVEL,HINT) values ('Q210','diff level-3',3,'Hint text Q210');
Insert into KVAIDES.QBANK (Q_ID,DETAILED_ANSWER,DIFFICULTY_LEVEL,HINT) values ('Q211','diff level-4',4,'Hint text Q211');
Insert into KVAIDES.QBANK (Q_ID,DETAILED_ANSWER,DIFFICULTY_LEVEL,HINT) values ('Q212','diff level-5',5,'Hint text Q212');
Insert into KVAIDES.QBANK (Q_ID,DETAILED_ANSWER,DIFFICULTY_LEVEL,HINT) values ('Q1010','hint',1,'hint');
Insert into KVAIDES.QBANK (Q_ID,DETAILED_ANSWER,DIFFICULTY_LEVEL,HINT) values ('Q1','detailed Explanation Q1',2,'Hint text Q1');
Insert into KVAIDES.QBANK (Q_ID,DETAILED_ANSWER,DIFFICULTY_LEVEL,HINT) values ('Q2','detailed Explanation Q2',3,'Hint text Q2');
Insert into KVAIDES.QBANK (Q_ID,DETAILED_ANSWER,DIFFICULTY_LEVEL,HINT) values ('Q3','detailed Explanation Q3',2,'Hint text Q3');
Insert into KVAIDES.QBANK (Q_ID,DETAILED_ANSWER,DIFFICULTY_LEVEL,HINT) values ('Q1011','hint',1,'hint');
Insert into KVAIDES.QBANK (Q_ID,DETAILED_ANSWER,DIFFICULTY_LEVEL,HINT) values ('Q420','test your gk',1,'test your gk');
Insert into KVAIDES.QBANK (Q_ID,DETAILED_ANSWER,DIFFICULTY_LEVEL,HINT) values ('Q2009','Sum',1,'Sum');
REM INSERTING into KVAIDES.QBANK_TOPICS
SET DEFINE OFF;
Insert into KVAIDES.QBANK_TOPICS (Q_ID,TOPIC_ID) values ('Q1','01');
Insert into KVAIDES.QBANK_TOPICS (Q_ID,TOPIC_ID) values ('Q1004','03');
Insert into KVAIDES.QBANK_TOPICS (Q_ID,TOPIC_ID) values ('Q1005','03');
Insert into KVAIDES.QBANK_TOPICS (Q_ID,TOPIC_ID) values ('Q1010','05');
Insert into KVAIDES.QBANK_TOPICS (Q_ID,TOPIC_ID) values ('Q1011','05');
Insert into KVAIDES.QBANK_TOPICS (Q_ID,TOPIC_ID) values ('Q1012','05');
Insert into KVAIDES.QBANK_TOPICS (Q_ID,TOPIC_ID) values ('Q2','01');
Insert into KVAIDES.QBANK_TOPICS (Q_ID,TOPIC_ID) values ('Q2','03');
Insert into KVAIDES.QBANK_TOPICS (Q_ID,TOPIC_ID) values ('Q200','02');
Insert into KVAIDES.QBANK_TOPICS (Q_ID,TOPIC_ID) values ('Q2000','11');
Insert into KVAIDES.QBANK_TOPICS (Q_ID,TOPIC_ID) values ('Q2007','11');
Insert into KVAIDES.QBANK_TOPICS (Q_ID,TOPIC_ID) values ('Q2008','11');
Insert into KVAIDES.QBANK_TOPICS (Q_ID,TOPIC_ID) values ('Q2009','11');
Insert into KVAIDES.QBANK_TOPICS (Q_ID,TOPIC_ID) values ('Q201','02');
Insert into KVAIDES.QBANK_TOPICS (Q_ID,TOPIC_ID) values ('Q202','02');
Insert into KVAIDES.QBANK_TOPICS (Q_ID,TOPIC_ID) values ('Q203','02');
Insert into KVAIDES.QBANK_TOPICS (Q_ID,TOPIC_ID) values ('Q204','02');
Insert into KVAIDES.QBANK_TOPICS (Q_ID,TOPIC_ID) values ('Q205','02');
Insert into KVAIDES.QBANK_TOPICS (Q_ID,TOPIC_ID) values ('Q206','02');
Insert into KVAIDES.QBANK_TOPICS (Q_ID,TOPIC_ID) values ('Q207','02');
Insert into KVAIDES.QBANK_TOPICS (Q_ID,TOPIC_ID) values ('Q208','02');
Insert into KVAIDES.QBANK_TOPICS (Q_ID,TOPIC_ID) values ('Q209','02');
Insert into KVAIDES.QBANK_TOPICS (Q_ID,TOPIC_ID) values ('Q210','02');
Insert into KVAIDES.QBANK_TOPICS (Q_ID,TOPIC_ID) values ('Q211','02');
Insert into KVAIDES.QBANK_TOPICS (Q_ID,TOPIC_ID) values ('Q212','02');
Insert into KVAIDES.QBANK_TOPICS (Q_ID,TOPIC_ID) values ('Q220','02');
Insert into KVAIDES.QBANK_TOPICS (Q_ID,TOPIC_ID) values ('Q221','02');
Insert into KVAIDES.QBANK_TOPICS (Q_ID,TOPIC_ID) values ('Q222','02');
Insert into KVAIDES.QBANK_TOPICS (Q_ID,TOPIC_ID) values ('Q230','02');
Insert into KVAIDES.QBANK_TOPICS (Q_ID,TOPIC_ID) values ('Q3001','11');
Insert into KVAIDES.QBANK_TOPICS (Q_ID,TOPIC_ID) values ('Q3002','11');
Insert into KVAIDES.QBANK_TOPICS (Q_ID,TOPIC_ID) values ('Q3004','11');
Insert into KVAIDES.QBANK_TOPICS (Q_ID,TOPIC_ID) values ('Q666','04');
Insert into KVAIDES.QBANK_TOPICS (Q_ID,TOPIC_ID) values ('Q750','11');
Insert into KVAIDES.QBANK_TOPICS (Q_ID,TOPIC_ID) values ('Q760','11');
Insert into KVAIDES.QBANK_TOPICS (Q_ID,TOPIC_ID) values ('Q878','11');
Insert into KVAIDES.QBANK_TOPICS (Q_ID,TOPIC_ID) values ('q786','19');
REM INSERTING into KVAIDES.QPARAMETERS
SET DEFINE OFF;
Insert into KVAIDES.QPARAMETERS (Q_ID,P_ID,P1,P2,P3,P4,P5) values ('Q2007','v1',null,null,null,null,null);
Insert into KVAIDES.QPARAMETERS (Q_ID,P_ID,P1,P2,P3,P4,P5) values ('Q2007','v2',null,null,null,null,null);
Insert into KVAIDES.QPARAMETERS (Q_ID,P_ID,P1,P2,P3,P4,P5) values ('Q878','v1',null,null,null,null,null);
Insert into KVAIDES.QPARAMETERS (Q_ID,P_ID,P1,P2,P3,P4,P5) values ('Q878','v2',null,null,null,null,null);
Insert into KVAIDES.QPARAMETERS (Q_ID,P_ID,P1,P2,P3,P4,P5) values ('q786','v1',null,'6','3',null,null);
Insert into KVAIDES.QPARAMETERS (Q_ID,P_ID,P1,P2,P3,P4,P5) values ('q786','v2','10','5',null,null,null);
Insert into KVAIDES.QPARAMETERS (Q_ID,P_ID,P1,P2,P3,P4,P5) values ('Q666','v1','1','6',null,null,null);
Insert into KVAIDES.QPARAMETERS (Q_ID,P_ID,P1,P2,P3,P4,P5) values ('Q666','v2','5','4',null,null,null);
Insert into KVAIDES.QPARAMETERS (Q_ID,P_ID,P1,P2,P3,P4,P5) values ('Q2008','v1',null,null,null,null,null);
Insert into KVAIDES.QPARAMETERS (Q_ID,P_ID,P1,P2,P3,P4,P5) values ('Q2008','v2',null,null,null,null,null);
Insert into KVAIDES.QPARAMETERS (Q_ID,P_ID,P1,P2,P3,P4,P5) values ('Q3001','v1',null,null,null,null,null);
Insert into KVAIDES.QPARAMETERS (Q_ID,P_ID,P1,P2,P3,P4,P5) values ('Q3001','v2',null,null,null,null,null);
Insert into KVAIDES.QPARAMETERS (Q_ID,P_ID,P1,P2,P3,P4,P5) values ('Q750','v1','30','45',null,null,null);
Insert into KVAIDES.QPARAMETERS (Q_ID,P_ID,P1,P2,P3,P4,P5) values ('Q750','v2','60','90',null,null,null);
Insert into KVAIDES.QPARAMETERS (Q_ID,P_ID,P1,P2,P3,P4,P5) values ('Q230','V1','A=10',null,null,null,null);
Insert into KVAIDES.QPARAMETERS (Q_ID,P_ID,P1,P2,P3,P4,P5) values ('Q230','V2','A=20',null,null,null,null);
Insert into KVAIDES.QPARAMETERS (Q_ID,P_ID,P1,P2,P3,P4,P5) values ('Q1012','v1','10','20',null,null,null);
Insert into KVAIDES.QPARAMETERS (Q_ID,P_ID,P1,P2,P3,P4,P5) values ('Q1012','v2',null,null,null,null,null);
Insert into KVAIDES.QPARAMETERS (Q_ID,P_ID,P1,P2,P3,P4,P5) values ('Q3002','v1',null,null,null,null,null);
Insert into KVAIDES.QPARAMETERS (Q_ID,P_ID,P1,P2,P3,P4,P5) values ('Q3002','v2',null,null,null,null,null);
Insert into KVAIDES.QPARAMETERS (Q_ID,P_ID,P1,P2,P3,P4,P5) values ('Q3004','v1',null,null,null,null,null);
Insert into KVAIDES.QPARAMETERS (Q_ID,P_ID,P1,P2,P3,P4,P5) values ('Q3004','v2',null,null,null,null,null);
Insert into KVAIDES.QPARAMETERS (Q_ID,P_ID,P1,P2,P3,P4,P5) values ('Q206','V1','X=10',null,null,null,null);
Insert into KVAIDES.QPARAMETERS (Q_ID,P_ID,P1,P2,P3,P4,P5) values ('Q207','V1','X=10',null,null,null,null);
Insert into KVAIDES.QPARAMETERS (Q_ID,P_ID,P1,P2,P3,P4,P5) values ('Q207','V2','X=20',null,null,null,null);
Insert into KVAIDES.QPARAMETERS (Q_ID,P_ID,P1,P2,P3,P4,P5) values ('Q206','V2','X=20',null,null,null,null);
Insert into KVAIDES.QPARAMETERS (Q_ID,P_ID,P1,P2,P3,P4,P5) values ('Q3','VALUE1','512','2000','50','5','10MSEC');
Insert into KVAIDES.QPARAMETERS (Q_ID,P_ID,P1,P2,P3,P4,P5) values ('Q3','VALUE2','256','1000','100','10','20MSEC');
Insert into KVAIDES.QPARAMETERS (Q_ID,P_ID,P1,P2,P3,P4,P5) values ('Q2009','v1',null,null,null,null,null);
Insert into KVAIDES.QPARAMETERS (Q_ID,P_ID,P1,P2,P3,P4,P5) values ('Q2009','v2',null,null,null,null,null);
REM INSERTING into KVAIDES.QSET
SET DEFINE OFF;
Insert into KVAIDES.QSET (HW_ID,QSET_ID) values ('1',1);
Insert into KVAIDES.QSET (HW_ID,QSET_ID) values ('1',2);
Insert into KVAIDES.QSET (HW_ID,QSET_ID) values ('2',1);
Insert into KVAIDES.QSET (HW_ID,QSET_ID) values ('3',1);
Insert into KVAIDES.QSET (HW_ID,QSET_ID) values ('5',1);
Insert into KVAIDES.QSET (HW_ID,QSET_ID) values ('5',2);
Insert into KVAIDES.QSET (HW_ID,QSET_ID) values ('5',3);
Insert into KVAIDES.QSET (HW_ID,QSET_ID) values ('HW0522',1);
Insert into KVAIDES.QSET (HW_ID,QSET_ID) values ('HW100',1);
Insert into KVAIDES.QSET (HW_ID,QSET_ID) values ('HW26',1);
Insert into KVAIDES.QSET (HW_ID,QSET_ID) values ('HW26',2);
Insert into KVAIDES.QSET (HW_ID,QSET_ID) values ('HW28',1);
Insert into KVAIDES.QSET (HW_ID,QSET_ID) values ('HW28',2);
Insert into KVAIDES.QSET (HW_ID,QSET_ID) values ('HW999',1);
Insert into KVAIDES.QSET (HW_ID,QSET_ID) values ('hw150',1);
Insert into KVAIDES.QSET (HW_ID,QSET_ID) values ('hw150',2);
Insert into KVAIDES.QSET (HW_ID,QSET_ID) values ('hw510',1);
REM INSERTING into KVAIDES.RESPONSES
SET DEFINE OFF;
Insert into KVAIDES.RESPONSES (USER_ID,HW_ID,QSET_ID,Q_ID,ANS_ID,ATTEMPT_NO,IS_CORRECT,POINTS_SCORED_PER_QUESTION,RESPONSE_TIME) values ('ajoshi6','HW26',1,'Q200','ANS3',3,'0',-10,null);
Insert into KVAIDES.RESPONSES (USER_ID,HW_ID,QSET_ID,Q_ID,ANS_ID,ATTEMPT_NO,IS_CORRECT,POINTS_SCORED_PER_QUESTION,RESPONSE_TIME) values ('ajoshi6','HW26',1,'Q206','ANS1V1',2,'1',1,null);
Insert into KVAIDES.RESPONSES (USER_ID,HW_ID,QSET_ID,Q_ID,ANS_ID,ATTEMPT_NO,IS_CORRECT,POINTS_SCORED_PER_QUESTION,RESPONSE_TIME) values ('ajoshi6','HW28',2,'Q209','ANS1',0,'1',3,null);
Insert into KVAIDES.RESPONSES (USER_ID,HW_ID,QSET_ID,Q_ID,ANS_ID,ATTEMPT_NO,IS_CORRECT,POINTS_SCORED_PER_QUESTION,RESPONSE_TIME) values ('ajoshi6','HW28',1,'Q209','ANS1',0,'1',3,null);
Insert into KVAIDES.RESPONSES (USER_ID,HW_ID,QSET_ID,Q_ID,ANS_ID,ATTEMPT_NO,IS_CORRECT,POINTS_SCORED_PER_QUESTION,RESPONSE_TIME) values ('ajoshi6','HW26',1,'Q200','ANS1',1,'1',1,null);
Insert into KVAIDES.RESPONSES (USER_ID,HW_ID,QSET_ID,Q_ID,ANS_ID,ATTEMPT_NO,IS_CORRECT,POINTS_SCORED_PER_QUESTION,RESPONSE_TIME) values ('ajoshi6','HW26',1,'Q202','ANS5',3,'0',-10,null);
Insert into KVAIDES.RESPONSES (USER_ID,HW_ID,QSET_ID,Q_ID,ANS_ID,ATTEMPT_NO,IS_CORRECT,POINTS_SCORED_PER_QUESTION,RESPONSE_TIME) values ('mjones','2',1,'Q2','ANS2',1,'1',0,null);
Insert into KVAIDES.RESPONSES (USER_ID,HW_ID,QSET_ID,Q_ID,ANS_ID,ATTEMPT_NO,IS_CORRECT,POINTS_SCORED_PER_QUESTION,RESPONSE_TIME) values ('mjones','1',1,'Q1','ANS1',1,'1',3,null);
Insert into KVAIDES.RESPONSES (USER_ID,HW_ID,QSET_ID,Q_ID,ANS_ID,ATTEMPT_NO,IS_CORRECT,POINTS_SCORED_PER_QUESTION,RESPONSE_TIME) values ('mjones','1',1,'Q2','ANS2',1,'1',3,null);
Insert into KVAIDES.RESPONSES (USER_ID,HW_ID,QSET_ID,Q_ID,ANS_ID,ATTEMPT_NO,IS_CORRECT,POINTS_SCORED_PER_QUESTION,RESPONSE_TIME) values ('mjones','1',1,'Q3','ANS3V1',1,'0',0,null);
Insert into KVAIDES.RESPONSES (USER_ID,HW_ID,QSET_ID,Q_ID,ANS_ID,ATTEMPT_NO,IS_CORRECT,POINTS_SCORED_PER_QUESTION,RESPONSE_TIME) values ('mjones','1',1,'Q1','ANS1',2,'1',3,null);
Insert into KVAIDES.RESPONSES (USER_ID,HW_ID,QSET_ID,Q_ID,ANS_ID,ATTEMPT_NO,IS_CORRECT,POINTS_SCORED_PER_QUESTION,RESPONSE_TIME) values ('mjones','1',1,'Q2','ANS2',2,'1',3,null);
Insert into KVAIDES.RESPONSES (USER_ID,HW_ID,QSET_ID,Q_ID,ANS_ID,ATTEMPT_NO,IS_CORRECT,POINTS_SCORED_PER_QUESTION,RESPONSE_TIME) values ('mjones','1',1,'Q3','ANS3V1',2,'1',3,null);
Insert into KVAIDES.RESPONSES (USER_ID,HW_ID,QSET_ID,Q_ID,ANS_ID,ATTEMPT_NO,IS_CORRECT,POINTS_SCORED_PER_QUESTION,RESPONSE_TIME) values ('jmick','1',1,'Q1','ANS1',1,'1',3,null);
Insert into KVAIDES.RESPONSES (USER_ID,HW_ID,QSET_ID,Q_ID,ANS_ID,ATTEMPT_NO,IS_CORRECT,POINTS_SCORED_PER_QUESTION,RESPONSE_TIME) values ('jmick','1',1,'Q2','ANS2',1,'1',3,null);
Insert into KVAIDES.RESPONSES (USER_ID,HW_ID,QSET_ID,Q_ID,ANS_ID,ATTEMPT_NO,IS_CORRECT,POINTS_SCORED_PER_QUESTION,RESPONSE_TIME) values ('jmick','1',1,'Q3','ANS3V1',1,'1',3,null);
Insert into KVAIDES.RESPONSES (USER_ID,HW_ID,QSET_ID,Q_ID,ANS_ID,ATTEMPT_NO,IS_CORRECT,POINTS_SCORED_PER_QUESTION,RESPONSE_TIME) values ('mjones','2',1,'Q2','ANS2',2,'1',4,null);
Insert into KVAIDES.RESPONSES (USER_ID,HW_ID,QSET_ID,Q_ID,ANS_ID,ATTEMPT_NO,IS_CORRECT,POINTS_SCORED_PER_QUESTION,RESPONSE_TIME) values ('mjones','2',1,'Q3','ANS3V1',2,'1',0,null);
Insert into KVAIDES.RESPONSES (USER_ID,HW_ID,QSET_ID,Q_ID,ANS_ID,ATTEMPT_NO,IS_CORRECT,POINTS_SCORED_PER_QUESTION,RESPONSE_TIME) values ('jmick','2',1,'Q1','ANS3',0,'0',0,null);
Insert into KVAIDES.RESPONSES (USER_ID,HW_ID,QSET_ID,Q_ID,ANS_ID,ATTEMPT_NO,IS_CORRECT,POINTS_SCORED_PER_QUESTION,RESPONSE_TIME) values ('mjones','2',1,'Q1','ANS1',2,'1',4,null);
Insert into KVAIDES.RESPONSES (USER_ID,HW_ID,QSET_ID,Q_ID,ANS_ID,ATTEMPT_NO,IS_CORRECT,POINTS_SCORED_PER_QUESTION,RESPONSE_TIME) values ('mjones','3',1,'Q1','ANS1',2,'1',4,null);
Insert into KVAIDES.RESPONSES (USER_ID,HW_ID,QSET_ID,Q_ID,ANS_ID,ATTEMPT_NO,IS_CORRECT,POINTS_SCORED_PER_QUESTION,RESPONSE_TIME) values ('mjones','3',1,'Q2','ANS2',2,'1',4,null);
Insert into KVAIDES.RESPONSES (USER_ID,HW_ID,QSET_ID,Q_ID,ANS_ID,ATTEMPT_NO,IS_CORRECT,POINTS_SCORED_PER_QUESTION,RESPONSE_TIME) values ('aneela','1',1,'Q1','ANS1',0,'0',0,null);
Insert into KVAIDES.RESPONSES (USER_ID,HW_ID,QSET_ID,Q_ID,ANS_ID,ATTEMPT_NO,IS_CORRECT,POINTS_SCORED_PER_QUESTION,RESPONSE_TIME) values ('aneela','2',1,'Q2','ANS2',1,'1',4,null);
Insert into KVAIDES.RESPONSES (USER_ID,HW_ID,QSET_ID,Q_ID,ANS_ID,ATTEMPT_NO,IS_CORRECT,POINTS_SCORED_PER_QUESTION,RESPONSE_TIME) values ('aneela','2',1,'Q3','ANS3V1',1,'0',0,null);
Insert into KVAIDES.RESPONSES (USER_ID,HW_ID,QSET_ID,Q_ID,ANS_ID,ATTEMPT_NO,IS_CORRECT,POINTS_SCORED_PER_QUESTION,RESPONSE_TIME) values ('aneela','2',1,'Q1','ANS1',1,'1',4,null);
Insert into KVAIDES.RESPONSES (USER_ID,HW_ID,QSET_ID,Q_ID,ANS_ID,ATTEMPT_NO,IS_CORRECT,POINTS_SCORED_PER_QUESTION,RESPONSE_TIME) values ('aneela','2',1,'Q1','ANS1',2,'1',4,null);
Insert into KVAIDES.RESPONSES (USER_ID,HW_ID,QSET_ID,Q_ID,ANS_ID,ATTEMPT_NO,IS_CORRECT,POINTS_SCORED_PER_QUESTION,RESPONSE_TIME) values ('aneela','2',1,'Q2','ANS2',2,'1',4,null);
Insert into KVAIDES.RESPONSES (USER_ID,HW_ID,QSET_ID,Q_ID,ANS_ID,ATTEMPT_NO,IS_CORRECT,POINTS_SCORED_PER_QUESTION,RESPONSE_TIME) values ('aneela','2',1,'Q3','ANS3V1',2,'1',4,null);
Insert into KVAIDES.RESPONSES (USER_ID,HW_ID,QSET_ID,Q_ID,ANS_ID,ATTEMPT_NO,IS_CORRECT,POINTS_SCORED_PER_QUESTION,RESPONSE_TIME) values ('mjones','2',1,'Q1','ANS1',1,'1',4,null);
Insert into KVAIDES.RESPONSES (USER_ID,HW_ID,QSET_ID,Q_ID,ANS_ID,ATTEMPT_NO,IS_CORRECT,POINTS_SCORED_PER_QUESTION,RESPONSE_TIME) values ('mjones','3',1,'Q3','ANS3V1',2,'1',4,null);
Insert into KVAIDES.RESPONSES (USER_ID,HW_ID,QSET_ID,Q_ID,ANS_ID,ATTEMPT_NO,IS_CORRECT,POINTS_SCORED_PER_QUESTION,RESPONSE_TIME) values ('mjones','3',1,'Q1','ANS1',1,'1',4,null);
Insert into KVAIDES.RESPONSES (USER_ID,HW_ID,QSET_ID,Q_ID,ANS_ID,ATTEMPT_NO,IS_CORRECT,POINTS_SCORED_PER_QUESTION,RESPONSE_TIME) values ('mjones','3',1,'Q2','ANS2',1,'1',4,null);
Insert into KVAIDES.RESPONSES (USER_ID,HW_ID,QSET_ID,Q_ID,ANS_ID,ATTEMPT_NO,IS_CORRECT,POINTS_SCORED_PER_QUESTION,RESPONSE_TIME) values ('mjones','3',1,'Q3','ANS3V1',1,'0',0,null);
Insert into KVAIDES.RESPONSES (USER_ID,HW_ID,QSET_ID,Q_ID,ANS_ID,ATTEMPT_NO,IS_CORRECT,POINTS_SCORED_PER_QUESTION,RESPONSE_TIME) values ('aneela','3',1,'Q1','ANS1',1,'1',4,null);
Insert into KVAIDES.RESPONSES (USER_ID,HW_ID,QSET_ID,Q_ID,ANS_ID,ATTEMPT_NO,IS_CORRECT,POINTS_SCORED_PER_QUESTION,RESPONSE_TIME) values ('aneela','3',1,'Q2','ANS2',1,'1',4,null);
Insert into KVAIDES.RESPONSES (USER_ID,HW_ID,QSET_ID,Q_ID,ANS_ID,ATTEMPT_NO,IS_CORRECT,POINTS_SCORED_PER_QUESTION,RESPONSE_TIME) values ('aneela','3',1,'Q3','ANS3V1',1,'0',0,null);
Insert into KVAIDES.RESPONSES (USER_ID,HW_ID,QSET_ID,Q_ID,ANS_ID,ATTEMPT_NO,IS_CORRECT,POINTS_SCORED_PER_QUESTION,RESPONSE_TIME) values ('aneela','3',1,'Q1','ANS1',2,'1',4,null);
Insert into KVAIDES.RESPONSES (USER_ID,HW_ID,QSET_ID,Q_ID,ANS_ID,ATTEMPT_NO,IS_CORRECT,POINTS_SCORED_PER_QUESTION,RESPONSE_TIME) values ('aneela','3',1,'Q1','ANS1',3,'1',4,null);
Insert into KVAIDES.RESPONSES (USER_ID,HW_ID,QSET_ID,Q_ID,ANS_ID,ATTEMPT_NO,IS_CORRECT,POINTS_SCORED_PER_QUESTION,RESPONSE_TIME) values ('aneela','3',1,'Q2','ANS2',3,'1',4,null);
Insert into KVAIDES.RESPONSES (USER_ID,HW_ID,QSET_ID,Q_ID,ANS_ID,ATTEMPT_NO,IS_CORRECT,POINTS_SCORED_PER_QUESTION,RESPONSE_TIME) values ('aneela','3',1,'Q3','ANS3V1',3,'1',4,null);
Insert into KVAIDES.RESPONSES (USER_ID,HW_ID,QSET_ID,Q_ID,ANS_ID,ATTEMPT_NO,IS_CORRECT,POINTS_SCORED_PER_QUESTION,RESPONSE_TIME) values ('ajoshi6','HW26',1,'Q200','ANS1',2,'1',1,null);
Insert into KVAIDES.RESPONSES (USER_ID,HW_ID,QSET_ID,Q_ID,ANS_ID,ATTEMPT_NO,IS_CORRECT,POINTS_SCORED_PER_QUESTION,RESPONSE_TIME) values ('ajoshi6','HW26',1,'Q200','ANS2',2,'0',-10,null);
Insert into KVAIDES.RESPONSES (USER_ID,HW_ID,QSET_ID,Q_ID,ANS_ID,ATTEMPT_NO,IS_CORRECT,POINTS_SCORED_PER_QUESTION,RESPONSE_TIME) values ('ajoshi6','HW26',1,'Q202','ANS1',1,'1',1,null);
Insert into KVAIDES.RESPONSES (USER_ID,HW_ID,QSET_ID,Q_ID,ANS_ID,ATTEMPT_NO,IS_CORRECT,POINTS_SCORED_PER_QUESTION,RESPONSE_TIME) values ('ajoshi6','HW26',1,'Q206','ANS1V1',3,'1',1,null);
Insert into KVAIDES.RESPONSES (USER_ID,HW_ID,QSET_ID,Q_ID,ANS_ID,ATTEMPT_NO,IS_CORRECT,POINTS_SCORED_PER_QUESTION,RESPONSE_TIME) values ('ajoshi6','HW26',1,'Q202','ANS8',2,'0',-10,null);
Insert into KVAIDES.RESPONSES (USER_ID,HW_ID,QSET_ID,Q_ID,ANS_ID,ATTEMPT_NO,IS_CORRECT,POINTS_SCORED_PER_QUESTION,RESPONSE_TIME) values ('ajoshi6','HW26',1,'Q206','ANS1V1',1,'1',1,null);
Insert into KVAIDES.RESPONSES (USER_ID,HW_ID,QSET_ID,Q_ID,ANS_ID,ATTEMPT_NO,IS_CORRECT,POINTS_SCORED_PER_QUESTION,RESPONSE_TIME) values ('ajoshi6','HW26',1,'Q202','ANS1',2,'1',1,null);
REM INSERTING into KVAIDES.STD_QUESTIONS
SET DEFINE OFF;
Insert into KVAIDES.STD_QUESTIONS (Q_ID,Q_TEXT) values ('Q220','WHAT IS UR NAME');
Insert into KVAIDES.STD_QUESTIONS (Q_ID,Q_TEXT) values ('Q221','WHAT IS UR AGE');
Insert into KVAIDES.STD_QUESTIONS (Q_ID,Q_TEXT) values ('Q222','WHAT IS UR BIRTH PLACE');
Insert into KVAIDES.STD_QUESTIONS (Q_ID,Q_TEXT) values ('Q202','what is er model');
Insert into KVAIDES.STD_QUESTIONS (Q_ID,Q_TEXT) values ('Q200','what is database');
Insert into KVAIDES.STD_QUESTIONS (Q_ID,Q_TEXT) values ('Q203','what is oracle');
Insert into KVAIDES.STD_QUESTIONS (Q_ID,Q_TEXT) values ('Q204','what is relation model');
Insert into KVAIDES.STD_QUESTIONS (Q_ID,Q_TEXT) values ('Q205','what is bigdata');
Insert into KVAIDES.STD_QUESTIONS (Q_ID,Q_TEXT) values ('Q208','what is disk space');
Insert into KVAIDES.STD_QUESTIONS (Q_ID,Q_TEXT) values ('Q209','what is cylinder');
Insert into KVAIDES.STD_QUESTIONS (Q_ID,Q_TEXT) values ('Q210','what is tuples');
Insert into KVAIDES.STD_QUESTIONS (Q_ID,Q_TEXT) values ('Q211','what is constraint');
Insert into KVAIDES.STD_QUESTIONS (Q_ID,Q_TEXT) values ('Q212','what is integrity');
Insert into KVAIDES.STD_QUESTIONS (Q_ID,Q_TEXT) values ('Q1010','final standard');
Insert into KVAIDES.STD_QUESTIONS (Q_ID,Q_TEXT) values ('Q1','Question 1?');
Insert into KVAIDES.STD_QUESTIONS (Q_ID,Q_TEXT) values ('Q1011','final standard 2');
REM INSERTING into KVAIDES.STUDENTS
SET DEFINE OFF;
Insert into KVAIDES.STUDENTS (USER_ID,TYPE_ID,IS_TA,TA_COURSE_ID) values ('kvaides',1,0,null);
Insert into KVAIDES.STUDENTS (USER_ID,TYPE_ID,IS_TA,TA_COURSE_ID) values ('ajoshi6',1,0,null);
Insert into KVAIDES.STUDENTS (USER_ID,TYPE_ID,IS_TA,TA_COURSE_ID) values ('tregan',1,1,'CSC540');
Insert into KVAIDES.STUDENTS (USER_ID,TYPE_ID,IS_TA,TA_COURSE_ID) values ('jmick',1,1,'CVL999');
Insert into KVAIDES.STUDENTS (USER_ID,TYPE_ID,IS_TA,TA_COURSE_ID) values ('mfisher',1,0,null);
Insert into KVAIDES.STUDENTS (USER_ID,TYPE_ID,IS_TA,TA_COURSE_ID) values ('mjones',1,1,'CSC540');
Insert into KVAIDES.STUDENTS (USER_ID,TYPE_ID,IS_TA,TA_COURSE_ID) values ('aneela',1,1,'CVL510');
REM INSERTING into KVAIDES.TEACHES
SET DEFINE OFF;
Insert into KVAIDES.TEACHES (USER_ID,COURSE_ID) values ('kogan','CSC110');
Insert into KVAIDES.TEACHES (USER_ID,COURSE_ID) values ('kogan','CSC220');
Insert into KVAIDES.TEACHES (USER_ID,COURSE_ID) values ('kogan','CSC330');
Insert into KVAIDES.TEACHES (USER_ID,COURSE_ID) values ('kogan','CSC540');
Insert into KVAIDES.TEACHES (USER_ID,COURSE_ID) values ('kogan','CVL510');
Insert into KVAIDES.TEACHES (USER_ID,COURSE_ID) values ('kogan','CVL999');
Insert into KVAIDES.TEACHES (USER_ID,COURSE_ID) values ('kogan','Csc900');
Insert into KVAIDES.TEACHES (USER_ID,COURSE_ID) values ('kogan','ECE100');
Insert into KVAIDES.TEACHES (USER_ID,COURSE_ID) values ('kogan','EEE100');
Insert into KVAIDES.TEACHES (USER_ID,COURSE_ID) values ('kogan','EME345');
Insert into KVAIDES.TEACHES (USER_ID,COURSE_ID) values ('rchirkova','CSC440');
Insert into KVAIDES.TEACHES (USER_ID,COURSE_ID) values ('rchirkova','Csc600');
Insert into KVAIDES.TEACHES (USER_ID,COURSE_ID) values ('rchirkova','Csc790');
Insert into KVAIDES.TEACHES (USER_ID,COURSE_ID) values ('rchirkova','Csc800');
Insert into KVAIDES.TEACHES (USER_ID,COURSE_ID) values ('rchirkova','csc123');
REM INSERTING into KVAIDES.TOPICS
SET DEFINE OFF;
Insert into KVAIDES.TOPICS (TOPIC_ID,TOPIC_NAME) values ('6','B');
Insert into KVAIDES.TOPICS (TOPIC_ID,TOPIC_NAME) values ('7','B');
Insert into KVAIDES.TOPICS (TOPIC_ID,TOPIC_NAME) values ('8','f');
Insert into KVAIDES.TOPICS (TOPIC_ID,TOPIC_NAME) values ('9','s');
Insert into KVAIDES.TOPICS (TOPIC_ID,TOPIC_NAME) values ('10',',');
Insert into KVAIDES.TOPICS (TOPIC_ID,TOPIC_NAME) values ('11','b');
Insert into KVAIDES.TOPICS (TOPIC_ID,TOPIC_NAME) values ('12','f');
Insert into KVAIDES.TOPICS (TOPIC_ID,TOPIC_NAME) values ('13','s');
Insert into KVAIDES.TOPICS (TOPIC_ID,TOPIC_NAME) values ('14',',');
Insert into KVAIDES.TOPICS (TOPIC_ID,TOPIC_NAME) values ('15','m');
Insert into KVAIDES.TOPICS (TOPIC_ID,TOPIC_NAME) values ('16','l');
Insert into KVAIDES.TOPICS (TOPIC_ID,TOPIC_NAME) values ('19','Cement');
Insert into KVAIDES.TOPICS (TOPIC_ID,TOPIC_NAME) values ('20','mud');
Insert into KVAIDES.TOPICS (TOPIC_ID,TOPIC_NAME) values ('21','water');
Insert into KVAIDES.TOPICS (TOPIC_ID,TOPIC_NAME) values ('17','Cement');
Insert into KVAIDES.TOPICS (TOPIC_ID,TOPIC_NAME) values ('18','construct');
Insert into KVAIDES.TOPICS (TOPIC_ID,TOPIC_NAME) values ('01','ER-MODEL');
Insert into KVAIDES.TOPICS (TOPIC_ID,TOPIC_NAME) values ('02','SQL');
Insert into KVAIDES.TOPICS (TOPIC_ID,TOPIC_NAME) values ('03','Storing Data:Disks and Files');
Insert into KVAIDES.TOPICS (TOPIC_ID,TOPIC_NAME) values ('04','Primary File Organization');
Insert into KVAIDES.TOPICS (TOPIC_ID,TOPIC_NAME) values ('05','Hashing Techniques');
REM INSERTING into KVAIDES.USERS
SET DEFINE OFF;
Insert into KVAIDES.USERS (USER_ID,F_NAME,L_NAME,PASSWD,DOB,USER_TYPE) values ('kvaides','Karthikeyan','Vaideswaran','kvaides',to_date('29-05-92','DD-MM-RR'),0);
Insert into KVAIDES.USERS (USER_ID,F_NAME,L_NAME,PASSWD,DOB,USER_TYPE) values ('ajoshi6','Aditya','Joshi','ajoshi6',to_date('09-10-93','DD-MM-RR'),0);
Insert into KVAIDES.USERS (USER_ID,F_NAME,L_NAME,PASSWD,DOB,USER_TYPE) values ('tregan','Tom','Regan','tregan',to_date('23-03-93','DD-MM-RR'),0);
Insert into KVAIDES.USERS (USER_ID,F_NAME,L_NAME,PASSWD,DOB,USER_TYPE) values ('jmick','Jenelle','Mick','jmick',to_date('27-09-99','DD-MM-RR'),0);
Insert into KVAIDES.USERS (USER_ID,F_NAME,L_NAME,PASSWD,DOB,USER_TYPE) values ('mfisher','Fisher','Michal','mfisher',to_date('21-09-93','DD-MM-RR'),0);
Insert into KVAIDES.USERS (USER_ID,F_NAME,L_NAME,PASSWD,DOB,USER_TYPE) values ('kogan','Kemafor','Ogan','kogan',to_date('23-03-93','DD-MM-RR'),1);
Insert into KVAIDES.USERS (USER_ID,F_NAME,L_NAME,PASSWD,DOB,USER_TYPE) values ('rchirkova','Rada','Chirkova','rchirkova',to_date('27-09-99','DD-MM-RR'),1);
Insert into KVAIDES.USERS (USER_ID,F_NAME,L_NAME,PASSWD,DOB,USER_TYPE) values ('chealey','Christipher','Healey','chealey',to_date('21-09-93','DD-MM-RR'),1);
Insert into KVAIDES.USERS (USER_ID,F_NAME,L_NAME,PASSWD,DOB,USER_TYPE) values ('aneela','Aishwarya','Neelakantan','aneela',to_date('23-03-93','DD-MM-RR'),0);
Insert into KVAIDES.USERS (USER_ID,F_NAME,L_NAME,PASSWD,DOB,USER_TYPE) values ('mjones','Mary','Jones','mjones',to_date('27-09-99','DD-MM-RR'),0);